Date,Time,Battery,Fix,Latitude,Longitude,Dp>0.3,Dp>0.5,Dp>1.0,Dp>2.5,Dp>5.0,Dp>10.0,PM1_Std,PM2.5_Std,PM10_Std,PM1_Env,PM2.5_Env,PM10_Env
2020/10/15,14:48:20,4.055000,0,0.000000,0.000000,18,3,0,0,0,0,0,0,0,0,0,0
2020/10/15,14:48:30,4.055000,0,0.000000,0.000000,96,21,0,0,0,0,0,0,0,0,0,0
2020/10/15,14:48:40,4.055000,0,0.000000,0.000000,144,40,0,0,0,0,0,0,0,0,0,0
2020/10/15,14:48:57,4.055000,0,0.000000,0.000000,63,21,0,0,0,0,0,0,0,0,0,0
2020/10/15,14:49:7,4.055000,0,0.000000,0.000000,153,51,3,0,0,0,0,0,0,0,0,0
2020/10/16,8:51:39,4.052500,0,0.000000,0.000000,87,26,0,0,0,0,0,0,0,0,0,0
2020/10/16,8:51:49,4.051250,0,0.000000,0.000000,51,14,0,0,0,0,0,0,0,0,0,0
2020/10/16,8:52:16,4.047500,0,0.000000,0.000000,81,16,0,0,0,0,0,0,0,0,0,0
2020/10/16,8:52:26,4.047500,0,0.000000,0.000000,135,38,0,0,0,0,0,0,0,0,0,0
2020/10/16,8:52:46,4.050000,0,0.000000,0.000000,93,27,0,0,0,0,0,0,0,0,0,0
2020/10/16,8:52:56,4.050000,0,0.000000,0.000000,150,46,3,0,0,0,0,0,0,0,0,0
2020/10/16,8:53:16,4.050000,0,0.000000,0.000000,75,21,0,0,0,0,0,0,0,0,0,0
2020/10/16,8:53:26,4.050000,0,0.000000,0.000000,129,35,0,0,0,0,0,0,0,0,0,0
2020/10/16,8:53:46,4.050000,0,0.000000,0.000000,105,35,0,0,0,0,0,0,0,0,0,0
2020/10/16,8:53:56,4.048750,0,0.000000,0.000000,162,50,3,0,0,0,0,0,0,0,0,0
2020/10/16,8:54:16,4.047500,0,0.000000,0.000000,78,26,3,3,3,3,0,0,1,0,0,1
2020/10/16,8:54:26,4.048750,0,0.000000,0.000000,96,32,3,3,3,3,0,0,1,0,0,1
2020/10/16,8:54:46,4.048750,0,0.000000,0.000000,60,17,0,0,0,0,0,0,0,0,0,0
2020/10/16,8:54:56,4.050000,0,0.000000,0.000000,69,23,0,0,0,0,0,0,0,0,0,0
2020/10/16,8:55:16,4.048750,0,0.000000,0.000000,57,13,3,0,0,0,0,0,0,0,0,0
2020/10/16,8:55:26,4.048750,0,0.000000,0.000000,69,20,3,0,0,0,0,0,0,0,0,0
2020/10/16,8:55:46,4.046250,0,0.000000,0.000000,27,9,0,0,0,0,0,0,0,0,0,0
2020/10/16,8:55:56,4.045000,0,0.000000,0.000000,84,24,3,0,0,0,0,0,0,0,0,0
2020/10/16,8:56:16,4.047500,0,0.000000,0.000000,84,28,0,0,0,0,0,0,0,0,0,0
2020/10/16,8:56:26,4.047500,0,0.000000,0.000000,105,31,0,0,0,0,0,0,0,0,0,0
2020/10/16,8:56:46,4.047500,0,0.000000,0.000000,39,13,3,0,0,0,0,0,0,0,0,0
2020/10/16,8:56:56,4.047500,0,0.000000,0.000000,33,11,3,0,0,0,0,0,0,0,0,0
2020/10/16,8:57:16,4.047500,0,0.000000,0.000000,81,20,0,0,0,0,0,0,0,0,0,0
2020/10/16,8:57:26,4.045000,0,0.000000,0.000000,42,11,0,0,0,0,0,0,0,0,0,0
2020/10/16,8:57:46,4.043750,0,0.000000,0.000000,120,40,0,0,0,0,0,0,0,0,0,0
2020/10/16,8:57:56,4.042500,0,0.000000,0.000000,81,27,3,0,0,0,0,0,0,0,0,0
2020/10/16,8:58:16,4.045000,0,0.000000,0.000000,57,19,0,0,0,0,0,0,0,0,0,0
2020/10/16,8:58:26,4.046250,0,0.000000,0.000000,99,29,0,0,0,0,0,0,0,0,0,0
2020/10/16,8:58:46,4.046250,0,0.000000,0.000000,18,6,0,0,0,0,0,0,0,0,0,0
2020/10/16,8:58:56,4.045000,0,0.000000,0.000000,54,14,0,0,0,0,0,0,0,0,0,0
2020/10/16,8:59:16,4.042500,0,0.000000,0.000000,36,12,0,0,0,0,0,0,0,0,0,0
2020/10/16,8:59:26,4.042500,0,0.000000,0.000000,69,23,0,0,0,0,0,0,0,0,0,0
2020/10/16,8:59:46,4.042500,0,0.000000,0.000000,18,6,0,0,0,0,0,0,0,0,0,0
2020/10/16,8:59:56,4.042500,0,0.000000,0.000000,135,45,0,0,0,0,0,0,0,0,0,0
2020/10/16,9:0:16,4.045000,0,0.000000,0.000000,90,30,0,0,0,0,0,0,0,0,0,0
2020/10/16,9:0:26,4.045000,0,0.000000,0.000000,9,3,0,0,0,0,0,0,0,0,0,0
2020/10/16,9:0:46,4.042500,0,0.000000,0.000000,108,36,0,0,0,0,0,0,0,0,0,0
2020/10/16,9:0:56,4.041250,0,0.000000,0.000000,117,35,0,0,0,0,0,0,0,0,0,0
2020/10/16,9:1:16,4.040000,0,0.000000,0.000000,81,24,0,0,0,0,0,0,0,0,0,0
2020/10/16,9:1:26,4.040000,0,0.000000,0.000000,90,24,0,0,0,0,0,0,0,0,0,0
2020/10/16,9:1:46,4.042500,0,0.000000,0.000000,81,16,0,0,0,0,0,0,0,0,0,0
2020/10/16,9:1:56,4.042500,0,0.000000,0.000000,60,20,0,0,0,0,0,0,0,0,0,0
2020/10/16,9:2:16,4.043750,0,0.000000,0.000000,90,30,0,0,0,0,0,0,0,0,0,0
2020/10/16,9:2:26,4.042500,0,0.000000,0.000000,48,16,0,0,0,0,0,0,0,0,0,0
2020/10/16,9:2:46,4.038750,0,0.000000,0.000000,39,13,0,0,0,0,0,0,0,0,0,0
2020/10/16,9:2:56,4.040000,0,0.000000,0.000000,96,32,0,0,0,0,0,0,0,0,0,0
2020/10/16,9:3:16,4.040000,0,0.000000,0.000000,54,18,3,0,0,0,0,0,0,0,0,0
2020/10/16,9:3:26,4.042500,0,0.000000,0.000000,114,38,0,0,0,0,0,0,0,0,0,0
2020/10/16,9:3:46,4.042500,0,0.000000,0.000000,9,3,0,0,0,0,0,0,0,0,0,0
2020/10/16,9:3:56,4.042500,0,0.000000,0.000000,39,13,0,0,0,0,0,0,0,0,0,0
2020/10/16,9:4:16,4.042500,0,0.000000,0.000000,63,21,0,0,0,0,0,0,0,0,0,0
2020/10/16,9:4:26,4.037500,0,0.000000,0.000000,72,24,0,0,0,0,0,0,0,0,0,0
2020/10/16,9:4:46,4.038750,0,0.000000,0.000000,18,6,0,0,0,0,0,0,0,0,0,0
2020/10/16,9:4:56,4.040000,0,0.000000,0.000000,51,17,0,0,0,0,0,0,0,0,0,0
2020/10/16,9:5:16,4.041250,0,0.000000,0.000000,93,31,0,0,0,0,0,0,0,0,0,0
2020/10/16,9:5:26,4.041250,0,0.000000,0.000000,126,42,0,0,0,0,0,0,0,0,0,0
2020/10/16,9:5:46,4.041250,0,0.000000,0.000000,84,25,6,3,3,3,0,0,2,0,0,2
2020/10/16,9:5:56,4.041250,0,0.000000,0.000000,69,23,0,0,0,0,0,0,0,0,0,0
2020/10/16,9:6:16,4.040000,0,0.000000,0.000000,81,23,0,0,0,0,0,0,0,0,0,0
2020/10/16,9:6:26,4.037500,0,0.000000,0.000000,51,13,0,0,0,0,0,0,0,0,0,0
2020/10/16,9:6:46,4.040000,0,0.000000,0.000000,48,13,0,0,0,0,0,0,0,0,0,0
2020/10/16,9:6:56,4.040000,0,0.000000,0.000000,81,24,0,0,0,0,0,0,0,0,0,0
2020/10/16,9:7:16,4.040000,0,0.000000,0.000000,135,41,3,0,0,0,0,0,0,0,0,0
2020/10/16,9:7:26,4.040000,0,0.000000,0.000000,144,48,0,0,0,0,0,0,0,0,0,0
2020/10/16,9:7:46,4.040000,0,0.000000,0.000000,192,60,6,0,0,0,0,0,0,0,0,0
2020/10/16,9:7:56,4.040000,0,0.000000,0.000000,183,53,0,0,0,0,0,0,0,0,0,0
2020/10/16,9:8:16,4.037500,0,0.000000,0.000000,114,32,3,3,3,3,0,0,3,0,0,3
2020/10/16,9:8:26,4.037500,0,0.000000,0.000000,147,43,3,3,3,3,0,0,2,0,0,2
2020/10/16,9:8:46,4.038750,0,0.000000,0.000000,96,28,3,0,0,0,0,0,0,0,0,0
2020/10/16,9:8:56,4.038750,0,0.000000,0.000000,156,52,6,0,0,0,0,0,0,0,0,0
2020/10/16,9:9:16,4.038750,0,0.000000,0.000000,48,16,6,0,0,0,0,0,0,0,0,0
2020/10/16,9:9:26,4.037500,0,0.000000,0.000000,81,23,0,0,0,0,0,0,0,0,0,0
2020/10/16,9:9:46,4.037500,0,0.000000,0.000000,171,57,3,0,0,0,0,0,0,0,0,0
2020/10/16,9:9:56,4.035000,0,0.000000,0.000000,303,101,3,0,0,0,0,0,0,0,0,0
2020/10/16,9:10:16,4.033750,0,0.000000,0.000000,120,36,0,0,0,0,0,0,0,0,0,0
2020/10/16,9:10:26,4.035000,0,0.000000,0.000000,111,33,0,0,0,0,0,0,0,0,0,0
2020/10/16,9:10:46,4.036250,0,0.000000,0.000000,114,34,0,0,0,0,0,0,0,0,0,0
2020/10/16,9:10:56,4.037500,0,0.000000,0.000000,135,45,3,0,0,0,0,0,0,0,0,0
2020/10/16,9:11:16,4.036250,0,0.000000,0.000000,114,30,0,0,0,0,0,0,0,0,0,0
2020/10/16,9:11:26,4.035000,0,0.000000,0.000000,180,52,0,0,0,0,0,0,0,0,0,0
2020/10/16,9:11:46,4.032500,0,0.000000,0.000000,156,48,6,3,3,3,0,0,2,0,0,2
2020/10/16,9:11:56,4.032500,0,0.000000,0.000000,138,38,3,3,3,3,0,0,2,0,0,2
2020/10/16,9:12:16,4.033750,0,0.000000,0.000000,81,20,0,0,0,0,0,0,0,0,0,0
2020/10/16,9:12:26,4.035000,0,0.000000,0.000000,18,6,0,0,0,0,0,0,0,0,0,0
2020/10/16,9:12:46,4.035000,0,0.000000,0.000000,90,30,3,0,0,0,0,0,0,0,0,0
2020/10/16,9:12:56,4.035000,0,0.000000,0.000000,45,12,3,0,0,0,0,0,0,0,0,0
2020/10/16,9:13:16,4.032500,0,0.000000,0.000000,165,51,3,0,0,0,0,0,0,0,0,0
2020/10/16,9:13:26,4.030000,0,0.000000,0.000000,192,57,3,0,0,0,0,0,0,0,0,0
2020/10/16,9:13:46,4.031250,0,0.000000,0.000000,39,13,0,0,0,0,0,0,0,0,0,0
2020/10/16,9:13:56,4.032500,0,0.000000,0.000000,36,12,0,0,0,0,0,0,0,0,0,0
2020/10/16,9:14:16,4.035000,0,0.000000,0.000000,147,49,0,0,0,0,0,0,0,0,0,0
2020/10/16,9:14:26,4.032500,0,0.000000,0.000000,183,61,0,0,0,0,0,0,0,0,0,0
2020/10/16,9:14:46,4.032500,0,0.000000,0.000000,96,32,0,0,0,0,0,0,0,0,0,0
2020/10/16,9:14:56,4.032500,0,0.000000,0.000000,165,55,0,0,0,0,0,0,0,0,0,0
2020/10/16,9:15:16,4.030000,0,0.000000,0.000000,102,34,3,0,0,0,0,0,0,0,0,0
2020/10/16,9:15:26,4.030000,0,0.000000,0.000000,69,23,3,0,0,0,0,0,0,0,0,0
2020/10/16,9:15:46,4.032500,0,0.000000,0.000000,114,34,3,0,0,0,0,0,0,0,0,0
2020/10/16,9:15:56,4.032500,0,0.000000,0.000000,240,80,0,0,0,0,0,0,0,0,0,0
2020/10/16,9:16:16,4.032500,0,0.000000,0.000000,111,30,0,0,0,0,0,0,0,0,0,0
2020/10/16,9:16:26,4.032500,0,0.000000,0.000000,120,33,0,0,0,0,0,0,0,0,0,0
2020/10/16,9:16:46,4.030000,0,0.000000,0.000000,117,35,0,0,0,0,0,0,0,0,0,0
2020/10/16,9:16:56,4.028750,0,0.000000,0.000000,129,39,0,0,0,0,0,0,0,0,0,0
2020/10/16,9:17:16,4.030000,0,0.000000,0.000000,57,19,0,0,0,0,0,0,0,0,0,0
2020/10/16,9:17:26,4.030000,0,0.000000,0.000000,18,6,0,0,0,0,0,0,0,0,0,0
2020/10/16,9:17:46,4.032500,0,0.000000,0.000000,39,13,0,0,0,0,0,0,0,0,0,0
2020/10/16,9:17:56,4.031250,0,0.000000,0.000000,48,13,0,0,0,0,0,0,0,0,0,0
2020/10/16,9:18:16,4.032500,0,0.000000,0.000000,117,39,0,0,0,0,0,0,0,0,0,0
2020/10/16,9:18:26,4.032500,0,0.000000,0.000000,93,31,0,0,0,0,0,0,0,0,0,0
2020/10/16,9:18:46,4.027500,0,0.000000,0.000000,9,3,0,0,0,0,0,0,0,0,0,0
2020/10/16,9:18:56,4.028750,0,0.000000,0.000000,18,6,0,0,0,0,0,0,0,0,0,0
2020/10/16,9:19:16,4.030000,0,0.000000,0.000000,102,27,3,0,0,0,0,0,0,0,0,0
2020/10/16,9:19:26,4.031250,0,0.000000,0.000000,60,20,0,0,0,0,0,0,0,0,0,0
2020/10/16,9:19:46,4.030000,0,0.000000,0.000000,93,27,3,0,0,0,0,0,0,0,0,0
2020/10/16,9:19:56,4.030000,0,0.000000,0.000000,96,28,0,0,0,0,0,0,0,0,0,0
2020/10/16,9:20:16,4.030000,0,0.000000,0.000000,39,13,0,0,0,0,0,0,0,0,0,0
2020/10/16,9:20:26,4.030000,0,0.000000,0.000000,54,18,0,0,0,0,0,0,0,0,0,0
2020/10/16,9:20:46,4.028750,0,0.000000,0.000000,81,23,0,0,0,0,0,0,0,0,0,0
2020/10/16,9:20:56,4.030000,0,0.000000,0.000000,54,14,0,0,0,0,0,0,0,0,0,0
2020/10/16,9:21:16,4.030000,0,0.000000,0.000000,99,30,0,0,0,0,0,0,0,0,0,0
2020/10/16,9:21:26,4.030000,0,0.000000,0.000000,48,16,0,0,0,0,0,0,0,0,0,0
2020/10/16,9:21:46,4.030000,0,0.000000,0.000000,75,25,0,0,0,0,0,0,0,0,0,0
2020/10/16,9:21:56,4.030000,0,0.000000,0.000000,72,24,0,0,0,0,0,0,0,0,0,0
2020/10/16,9:22:16,4.016250,0,0.000000,0.000000,96,24,0,0,0,0,0,0,0,0,0,0
2020/10/16,9:22:26,4.025000,0,0.000000,0.000000,114,30,0,0,0,0,0,0,0,0,0,0
2020/10/16,9:22:46,4.028750,0,0.000000,0.000000,75,25,0,0,0,0,0,0,0,0,0,0
2020/10/16,9:22:56,4.028750,0,0.000000,0.000000,96,24,0,0,0,0,0,0,0,0,0,0
2020/10/16,9:23:16,4.027500,0,0.000000,0.000000,45,15,0,0,0,0,0,0,0,0,0,0
2020/10/16,9:23:26,4.027500,0,0.000000,0.000000,66,22,0,0,0,0,0,0,0,0,0,0
2020/10/16,9:23:36,4.027500,0,0.000000,0.000000,123,41,0,0,0,0,0,0,0,0,0,0
2020/10/16,9:23:46,4.027500,0,0.000000,0.000000,69,23,0,0,0,0,0,0,0,0,0,0
2020/10/16,9:23:56,4.025000,0,0.000000,0.000000,27,9,0,0,0,0,0,0,0,0,0,0
2020/10/16,9:24:16,4.022500,0,0.000000,0.000000,84,24,0,0,0,0,0,0,0,0,0,0
2020/10/16,9:24:26,4.027500,0,0.000000,0.000000,60,20,0,0,0,0,0,0,0,0,0,0
2020/10/16,9:24:36,4.027500,0,0.000000,0.000000,60,16,0,0,0,0,0,0,0,0,0,0
2020/10/16,9:24:46,4.027500,0,0.000000,0.000000,42,10,0,0,0,0,0,0,0,0,0,0
2020/10/16,9:24:56,4.027500,0,0.000000,0.000000,57,19,0,0,0,0,0,0,0,0,0,0
2020/10/16,9:25:16,4.026250,0,0.000000,0.000000,105,35,0,0,0,0,0,0,0,0,0,0
2020/10/16,9:25:26,4.025000,0,0.000000,0.000000,87,29,0,0,0,0,0,0,0,0,0,0
2020/10/16,9:25:36,4.023750,0,0.000000,0.000000,18,6,0,0,0,0,0,0,0,0,0,0
2020/10/16,9:25:46,4.022500,0,0.000000,0.000000,93,31,0,0,0,0,0,0,0,0,0,0
2020/10/16,9:25:56,4.022500,0,0.000000,0.000000,117,39,3,0,0,0,0,0,0,0,0,0
2020/10/16,9:26:16,4.025000,0,0.000000,0.000000,45,15,0,0,0,0,0,0,0,0,0,0
2020/10/16,9:26:26,4.025000,0,0.000000,0.000000,27,6,0,0,0,0,0,0,0,0,0,0
2020/10/16,9:26:36,4.025000,0,0.000000,0.000000,9,3,0,0,0,0,0,0,0,0,0,0
2020/10/16,9:26:46,4.025000,0,0.000000,0.000000,39,13,0,0,0,0,0,0,0,0,0,0
2020/10/16,9:26:56,4.025000,0,0.000000,0.000000,57,19,0,0,0,0,0,0,0,0,0,0
2020/10/16,9:27:16,4.022500,0,0.000000,0.000000,18,6,0,0,0,0,0,0,0,0,0,0
2020/10/16,9:27:26,4.022500,0,0.000000,0.000000,63,18,0,0,0,0,0,0,0,0,0,0
2020/10/16,9:27:36,4.021250,0,0.000000,0.000000,60,20,0,0,0,0,0,0,0,0,0,0
2020/10/16,9:27:46,4.022500,0,0.000000,0.000000,99,33,3,0,0,0,0,0,0,0,0,0
2020/10/16,9:27:56,4.022500,0,0.000000,0.000000,105,35,0,0,0,0,0,0,0,0,0,0
2020/10/16,9:28:16,4.025000,0,0.000000,0.000000,51,17,0,0,0,0,0,0,0,0,0,0
2020/10/16,9:28:26,4.023750,0,0.000000,0.000000,114,34,0,0,0,0,0,0,0,0,0,0
2020/10/16,9:28:36,4.017500,0,0.000000,0.000000,69,23,0,0,0,0,0,0,0,0,0,0
2020/10/16,9:28:46,4.021250,0,0.000000,0.000000,60,20,0,0,0,0,0,0,0,0,0,0
2020/10/16,9:28:56,4.020000,0,0.000000,0.000000,42,10,0,0,0,0,0,0,0,0,0,0
2020/10/16,9:29:16,4.021250,0,0.000000,0.000000,72,24,0,0,0,0,0,0,0,0,0,0
2020/10/16,9:29:26,4.022500,0,0.000000,0.000000,72,24,0,0,0,0,0,0,0,0,0,0
2020/10/16,9:29:36,4.022500,0,0.000000,0.000000,18,6,0,0,0,0,0,0,0,0,0,0
2020/10/16,9:29:46,4.023750,0,0.000000,0.000000,27,9,0,0,0,0,0,0,0,0,0,0
2020/10/16,9:29:56,4.023750,0,0.000000,0.000000,39,9,0,0,0,0,0,0,0,0,0,0
2020/10/16,9:30:16,4.012500,0,0.000000,0.000000,60,17,0,0,0,0,0,0,0,0,0,0
2020/10/16,9:30:26,4.020000,0,0.000000,0.000000,36,9,0,0,0,0,0,0,0,0,0,0
2020/10/16,9:30:36,4.020000,0,0.000000,0.000000,27,9,0,0,0,0,0,0,0,0,0,0
2020/10/16,9:30:46,4.020000,0,0.000000,0.000000,36,9,0,0,0,0,0,0,0,0,0,0
2020/10/16,9:30:56,4.021250,0,0.000000,0.000000,48,9,0,0,0,0,0,0,0,0,0,0
2020/10/16,9:31:16,4.022500,0,0.000000,0.000000,18,6,3,3,3,3,0,0,1,0,0,1
2020/10/16,9:31:26,4.022500,0,0.000000,0.000000,51,17,3,3,3,3,0,0,1,0,0,1
2020/10/16,9:31:36,4.022500,0,0.000000,0.000000,30,10,0,0,0,0,0,0,0,0,0,0
2020/10/16,9:31:46,4.022500,0,0.000000,0.000000,30,10,0,0,0,0,0,0,0,0,0,0
2020/10/16,9:31:56,4.022500,0,0.000000,0.000000,99,33,0,0,0,0,0,0,0,0,0,0
2020/10/16,9:32:16,4.017500,0,0.000000,0.000000,90,27,0,0,0,0,0,0,0,0,0,0
2020/10/16,9:32:26,4.020000,0,0.000000,0.000000,57,15,0,0,0,0,0,0,0,0,0,0
2020/10/16,9:32:36,4.020000,0,0.000000,0.000000,27,9,0,0,0,0,0,0,0,0,0,0
2020/10/16,9:32:46,4.022500,0,0.000000,0.000000,27,9,0,0,0,0,0,0,0,0,0,0
2020/10/16,9:32:56,4.021250,0,0.000000,0.000000,66,19,0,0,0,0,0,0,0,0,0,0
2020/10/16,9:33:16,4.021250,0,0.000000,0.000000,21,7,0,0,0,0,0,0,0,0,0,0
2020/10/16,9:33:26,4.021250,0,0.000000,0.000000,87,25,3,0,0,0,0,0,0,0,0,0
2020/10/16,9:33:36,4.021250,0,0.000000,0.000000,108,32,3,0,0,0,0,0,0,0,0,0
2020/10/16,9:33:46,4.021250,0,0.000000,0.000000,60,20,0,0,0,0,0,0,0,0,0,0
2020/10/16,9:33:56,4.018750,0,0.000000,0.000000,18,6,0,0,0,0,0,0,0,0,0,0
2020/10/16,9:34:16,4.020000,0,0.000000,0.000000,36,12,0,0,0,0,0,0,0,0,0,0
2020/10/16,9:34:26,4.021250,0,0.000000,0.000000,39,13,0,0,0,0,0,0,0,0,0,0
2020/10/16,9:34:36,4.020000,0,0.000000,0.000000,51,17,0,0,0,0,0,0,0,0,0,0
2020/10/16,9:34:46,4.020000,0,0.000000,0.000000,75,25,0,0,0,0,0,0,0,0,0,0
2020/10/16,9:34:56,4.020000,0,0.000000,0.000000,105,35,6,3,3,3,0,0,2,0,0,2
2020/10/16,9:35:16,4.020000,0,0.000000,0.000000,99,25,0,0,0,0,0,0,0,0,0,0
2020/10/16,9:35:26,4.018750,0,0.000000,0.000000,93,28,0,0,0,0,0,0,0,0,0,0
2020/10/16,9:35:36,4.017500,0,0.000000,0.000000,84,25,0,0,0,0,0,0,0,0,0,0
2020/10/16,9:35:46,4.016250,0,0.000000,0.000000,117,39,0,0,0,0,0,0,0,0,0,0
2020/10/16,9:35:56,4.015000,0,0.000000,0.000000,72,24,3,0,0,0,0,0,0,0,0,0
2020/10/16,9:36:16,4.020000,0,0.000000,0.000000,48,16,0,0,0,0,0,0,0,0,0,0
2020/10/16,9:36:26,4.018750,0,0.000000,0.000000,57,19,0,0,0,0,0,0,0,0,0,0
2020/10/16,9:36:36,4.018750,0,0.000000,0.000000,36,12,0,0,0,0,0,0,0,0,0,0
2020/10/16,9:36:46,4.020000,0,0.000000,0.000000,39,13,0,0,0,0,0,0,0,0,0,0
2020/10/16,9:36:56,4.018750,0,0.000000,0.000000,54,18,0,0,0,0,0,0,0,0,0,0
2020/10/16,9:37:16,4.016250,0,0.000000,0.000000,30,10,0,0,0,0,0,0,0,0,0,0
2020/10/16,9:37:26,4.015000,0,0.000000,0.000000,87,29,0,0,0,0,0,0,0,0,0,0
2020/10/16,9:37:36,4.015000,0,0.000000,0.000000,87,29,0,0,0,0,0,0,0,0,0,0
2020/10/16,9:37:46,4.015000,0,0.000000,0.000000,48,16,0,0,0,0,0,0,0,0,0,0
2020/10/16,9:37:56,4.017500,0,0.000000,0.000000,96,29,0,0,0,0,0,0,0,0,0,0
2020/10/16,9:38:16,4.017500,0,0.000000,0.000000,27,9,0,0,0,0,0,0,0,0,0,0
2020/10/16,9:38:26,4.017500,0,0.000000,0.000000,66,22,0,0,0,0,0,0,0,0,0,0
2020/10/16,9:38:36,4.017500,0,0.000000,0.000000,39,13,0,0,0,0,0,0,0,0,0,0
2020/10/16,9:38:46,4.015000,0,0.000000,0.000000,69,20,0,0,0,0,0,0,0,0,0,0
2020/10/16,9:38:56,4.015000,0,0.000000,0.000000,69,20,0,0,0,0,0,0,0,0,0,0
2020/10/16,9:39:16,4.012500,0,0.000000,0.000000,51,17,3,0,0,0,0,0,0,0,0,0
2020/10/16,9:39:26,4.015000,0,0.000000,0.000000,30,10,3,0,0,0,0,0,0,0,0,0
2020/10/16,9:39:36,4.017500,0,0.000000,0.000000,72,24,0,0,0,0,0,0,0,0,0,0
2020/10/16,9:39:46,4.017500,0,0.000000,0.000000,69,23,0,0,0,0,0,0,0,0,0,0
2020/10/16,9:39:56,4.017500,0,0.000000,0.000000,138,39,0,0,0,0,0,0,0,0,0,0
2020/10/16,9:40:16,4.015000,0,0.000000,0.000000,18,6,0,0,0,0,0,0,0,0,0,0
2020/10/16,9:40:26,4.015000,0,0.000000,0.000000,36,12,0,0,0,0,0,0,0,0,0,0
2020/10/16,9:40:36,4.012500,0,0.000000,0.000000,69,19,0,0,0,0,0,0,0,0,0,0
2020/10/16,9:40:46,4.012500,0,0.000000,0.000000,60,16,0,0,0,0,0,0,0,0,0,0
2020/10/16,9:40:56,4.013750,0,0.000000,0.000000,72,20,0,0,0,0,0,0,0,0,0,0
2020/10/16,9:41:16,4.015000,0,0.000000,0.000000,39,13,0,0,0,0,0,0,0,0,0,0
2020/10/16,9:41:26,4.016250,0,0.000000,0.000000,105,31,0,0,0,0,0,0,0,0,0,0
2020/10/16,9:41:36,4.016250,0,0.000000,0.000000,156,48,3,3,3,3,0,0,2,0,0,2
2020/10/16,9:41:46,4.016250,0,0.000000,0.000000,72,24,0,0,0,0,0,0,0,0,0,0
2020/10/16,9:41:56,4.015000,0,0.000000,0.000000,54,18,0,0,0,0,0,0,0,0,0,0
2020/10/16,9:42:16,4.012500,0,0.000000,0.000000,30,10,0,0,0,0,0,0,0,0,0,0
2020/10/16,9:42:26,4.012500,0,0.000000,0.000000,30,10,0,0,0,0,0,0,0,0,0,0
2020/10/16,9:42:36,4.012500,0,0.000000,0.000000,21,7,0,0,0,0,0,0,0,0,0,0
2020/10/16,9:42:46,4.013750,0,0.000000,0.000000,30,10,0,0,0,0,0,0,0,0,0,0
2020/10/16,9:42:56,4.015000,0,0.000000,0.000000,48,16,0,0,0,0,0,0,0,0,0,0
2020/10/16,9:43:16,4.015000,0,0.000000,0.000000,108,33,3,0,0,0,0,0,0,0,0,0
2020/10/16,9:43:26,4.015000,0,0.000000,0.000000,78,23,0,0,0,0,0,0,0,0,0,0
2020/10/16,9:43:36,4.015000,0,0.000000,0.000000,117,36,0,0,0,0,0,0,0,0,0,0
2020/10/16,9:43:46,4.015000,0,0.000000,0.000000,117,39,0,0,0,0,0,0,0,0,0,0
2020/10/16,9:43:56,4.013750,0,0.000000,0.000000,36,12,0,0,0,0,0,0,0,0,0,0
2020/10/16,9:44:16,4.012500,0,0.000000,0.000000,51,17,0,0,0,0,0,0,0,0,0,0
2020/10/16,9:44:26,4.012500,0,0.000000,0.000000,132,40,0,0,0,0,0,0,0,0,0,0
2020/10/16,9:44:36,4.013750,0,0.000000,0.000000,177,55,0,0,0,0,0,0,0,0,0,0
2020/10/16,9:44:46,4.015000,0,0.000000,0.000000,9,3,0,0,0,0,0,0,0,0,0,0
2020/10/16,9:44:56,4.015000,0,0.000000,0.000000,18,6,0,0,0,0,0,0,0,0,0,0
2020/10/16,9:45:16,4.013750,0,0.000000,0.000000,30,10,0,0,0,0,0,0,0,0,0,0
2020/10/16,9:45:26,4.012500,0,0.000000,0.000000,30,10,0,0,0,0,0,0,0,0,0,0
2020/10/16,9:45:36,4.012500,0,0.000000,0.000000,39,13,0,0,0,0,0,0,0,0,0,0
2020/10/16,9:45:46,4.010000,0,0.000000,0.000000,27,6,0,0,0,0,0,0,0,0,0,0
2020/10/16,9:45:56,4.010000,0,0.000000,0.000000,102,31,0,0,0,0,0,0,0,0,0,0
2020/10/16,9:46:16,4.012500,0,0.000000,0.000000,75,25,0,0,0,0,0,0,0,0,0,0
2020/10/16,9:46:26,4.012500,0,0.000000,0.000000,108,32,0,0,0,0,0,0,0,0,0,0
2020/10/16,9:46:36,4.012500,0,0.000000,0.000000,126,38,0,0,0,0,0,0,0,0,0,0
2020/10/16,9:46:46,4.012500,0,0.000000,0.000000,60,20,0,0,0,0,0,0,0,0,0,0
2020/10/16,9:46:56,4.012500,0,0.000000,0.000000,84,28,0,0,0,0,0,0,0,0,0,0
2020/10/16,9:47:16,4.010000,0,0.000000,0.000000,117,36,3,3,3,3,0,0,2,0,0,2
2020/10/16,9:47:26,4.008750,0,0.000000,0.000000,87,29,0,0,0,0,0,0,0,0,0,0
2020/10/16,9:47:36,4.008750,0,0.000000,0.000000,90,23,0,0,0,0,0,0,0,0,0,0
2020/10/16,9:47:46,4.008750,0,0.000000,0.000000,108,29,0,0,0,0,0,0,0,0,0,0
2020/10/16,9:47:56,4.010000,0,0.000000,0.000000,39,13,0,0,0,0,0,0,0,0,0,0
2020/10/16,9:48:16,4.012500,0,0.000000,0.000000,99,30,3,3,3,3,0,0,2,0,0,2
2020/10/16,9:48:26,4.012500,0,0.000000,0.000000,69,20,0,0,0,0,0,0,0,0,0,0
2020/10/16,9:48:36,4.011250,0,0.000000,0.000000,84,24,0,0,0,0,0,0,0,0,0,0
2020/10/16,9:48:46,4.010000,0,0.000000,0.000000,60,16,0,0,0,0,0,0,0,0,0,0
2020/10/16,9:48:56,4.008750,0,0.000000,0.000000,21,3,0,0,0,0,0,0,0,0,0,0
2020/10/16,9:49:16,4.007500,0,0.000000,0.000000,60,16,0,0,0,0,0,0,0,0,0,0
2020/10/16,9:49:26,4.007500,0,0.000000,0.000000,42,10,0,0,0,0,0,0,0,0,0,0
2020/10/16,9:49:36,4.010000,0,0.000000,0.000000,120,40,0,0,0,0,0,0,0,0,0,0
2020/10/16,9:49:46,4.010000,0,0.000000,0.000000,60,20,0,0,0,0,0,0,0,0,0,0
2020/10/16,9:49:56,4.011250,0,0.000000,0.000000,27,9,0,0,0,0,0,0,0,0,0,0
2020/10/16,9:50:16,4.010000,0,0.000000,0.000000,66,22,0,0,0,0,0,0,0,0,0,0
2020/10/16,9:50:26,4.008750,0,0.000000,0.000000,66,22,0,0,0,0,0,0,0,0,0,0
2020/10/16,9:50:36,4.007500,0,0.000000,0.000000,45,15,0,0,0,0,0,0,0,0,0,0
2020/10/16,9:50:46,4.006250,0,0.000000,0.000000,27,9,0,0,0,0,0,0,0,0,0,0
2020/10/16,9:50:56,4.006250,0,0.000000,0.000000,27,9,0,0,0,0,0,0,0,0,0,0
2020/10/16,9:51:16,4.008750,0,0.000000,0.000000,39,13,0,0,0,0,0,0,0,0,0,0
2020/10/16,9:51:26,4.010000,0,0.000000,0.000000,39,13,0,0,0,0,0,0,0,0,0,0
2020/10/16,9:51:36,4.010000,0,0.000000,0.000000,21,7,0,0,0,0,0,0,0,0,0,0
2020/10/16,9:51:46,4.010000,0,0.000000,0.000000,0,0,0,0,0,0,0,0,0,0,0,0
2020/10/16,9:51:56,4.007500,0,0.000000,0.000000,33,11,0,0,0,0,0,0,0,0,0,0
2020/10/16,9:52:16,4.005000,0,0.000000,0.000000,39,10,0,0,0,0,0,0,0,0,0,0
2020/10/16,9:52:26,4.005000,0,0.000000,0.000000,81,24,3,0,0,0,0,0,0,0,0,0
2020/10/16,9:52:36,4.006250,0,0.000000,0.000000,72,24,3,0,0,0,0,0,0,0,0,0
2020/10/16,9:52:46,4.007500,0,0.000000,0.000000,39,10,0,0,0,0,0,0,0,0,0,0
2020/10/16,9:52:56,4.008750,0,0.000000,0.000000,57,13,0,0,0,0,0,0,0,0,0,0
2020/10/16,9:53:16,4.008750,0,0.000000,0.000000,60,20,0,0,0,0,0,0,0,0,0,0
2020/10/16,9:53:26,4.008750,0,0.000000,0.000000,75,22,0,0,0,0,0,0,0,0,0,0
2020/10/16,9:53:36,4.007500,0,0.000000,0.000000,45,12,0,0,0,0,0,0,0,0,0,0
2020/10/16,9:53:46,4.007500,0,0.000000,0.000000,48,16,0,0,0,0,0,0,0,0,0,0
2020/10/16,9:53:56,4.005000,0,0.000000,0.000000,51,17,0,0,0,0,0,0,0,0,0,0
2020/10/16,9:54:16,4.005000,0,0.000000,0.000000,9,3,0,0,0,0,0,0,0,0,0,0
2020/10/16,9:54:26,4.006250,0,0.000000,0.000000,75,25,3,0,0,0,0,0,0,0,0,0
2020/10/16,9:54:36,4.007500,0,0.000000,0.000000,114,38,3,0,0,0,0,0,0,0,0,0
2020/10/16,9:54:46,4.007500,0,0.000000,0.000000,57,19,0,0,0,0,0,0,0,0,0,0
2020/10/16,9:54:56,4.007500,0,0.000000,0.000000,57,16,0,0,0,0,0,0,0,0,0,0
2020/10/16,9:55:16,4.007500,0,0.000000,0.000000,84,24,3,0,0,0,0,0,0,0,0,0
2020/10/16,9:55:26,4.007500,0,0.000000,0.000000,42,14,3,0,0,0,0,0,0,0,0,0
2020/10/16,9:55:36,4.006250,0,0.000000,0.000000,9,0,0,0,0,0,0,0,0,0,0,0
2020/10/16,9:55:46,4.005000,0,0.000000,0.000000,18,3,0,0,0,0,0,0,0,0,0,0
2020/10/16,9:55:56,4.005000,0,0.000000,0.000000,39,10,0,0,0,0,0,0,0,0,0,0
2020/10/16,9:56:16,4.007500,0,0.000000,0.000000,18,6,0,0,0,0,0,0,0,0,0,0
2020/10/16,9:56:26,4.007500,0,0.000000,0.000000,27,6,0,0,0,0,0,0,0,0,0,0
2020/10/16,9:56:36,4.007500,0,0.000000,0.000000,18,3,0,0,0,0,0,0,0,0,0,0
2020/10/16,9:56:46,4.007500,0,0.000000,0.000000,0,0,0,0,0,0,0,0,0,0,0,0
2020/10/16,9:56:56,4.006250,0,0.000000,0.000000,18,6,0,0,0,0,0,0,0,0,0,0
2020/10/16,9:57:16,4.005000,0,0.000000,0.000000,105,31,0,0,0,0,0,0,0,0,0,0
2020/10/16,9:57:26,4.005000,0,0.000000,0.000000,108,32,0,0,0,0,0,0,0,0,0,0
2020/10/16,9:57:36,4.002500,0,0.000000,0.000000,21,7,0,0,0,0,0,0,0,0,0,0
2020/10/16,9:57:46,4.005000,0,0.000000,0.000000,45,15,0,0,0,0,0,0,0,0,0,0
2020/10/16,9:57:56,4.005000,0,0.000000,0.000000,9,3,0,0,0,0,0,0,0,0,0,0
2020/10/16,9:58:16,4.005000,0,0.000000,0.000000,90,27,0,0,0,0,0,0,0,0,0,0
2020/10/16,9:58:26,4.005000,0,0.000000,0.000000,48,13,0,0,0,0,0,0,0,0,0,0
2020/10/16,9:58:36,4.005000,0,0.000000,0.000000,30,10,0,0,0,0,0,0,0,0,0,0
2020/10/16,9:58:46,4.003750,0,0.000000,0.000000,0,0,0,0,0,0,0,0,0,0,0,0
2020/10/16,9:58:56,4.002500,0,0.000000,0.000000,96,32,0,0,0,0,0,0,0,0,0,0
2020/10/16,9:59:16,4.001250,0,0.000000,0.000000,39,10,3,0,0,0,0,0,0,0,0,0
2020/10/16,9:59:26,4.001250,0,0.000000,0.000000,9,0,0,0,0,0,0,0,0,0,0,0
2020/10/16,9:59:36,4.002500,0,0.000000,0.000000,30,10,3,0,0,0,0,0,0,0,0,0
2020/10/16,9:59:46,4.005000,0,0.000000,0.000000,30,10,3,0,0,0,0,0,0,0,0,0
2020/10/16,9:59:56,4.005000,0,0.000000,0.000000,51,17,0,0,0,0,0,0,0,0,0,0
2020/10/16,10:0:16,4.005000,0,0.000000,0.000000,39,13,0,0,0,0,0,0,0,0,0,0
2020/10/16,10:0:26,4.002500,0,0.000000,0.000000,39,13,0,0,0,0,0,0,0,0,0,0
2020/10/16,10:0:36,4.001250,0,0.000000,0.000000,51,17,0,0,0,0,0,0,0,0,0,0
2020/10/16,10:0:46,4.000000,0,0.000000,0.000000,30,10,0,0,0,0,0,0,0,0,0,0
2020/10/16,10:0:56,4.000000,0,0.000000,0.000000,30,10,0,0,0,0,0,0,0,0,0,0
2020/10/16,10:1:16,4.002500,0,0.000000,0.000000,27,9,0,0,0,0,0,0,0,0,0,0
2020/10/16,10:1:26,4.002500,0,0.000000,0.000000,9,3,0,0,0,0,0,0,0,0,0,0
2020/10/16,10:1:36,4.002500,0,0.000000,0.000000,0,0,0,0,0,0,0,0,0,0,0,0
2020/10/16,10:1:46,4.003750,0,0.000000,0.000000,0,0,0,0,0,0,0,0,0,0,0,0
2020/10/16,10:1:56,4.002500,0,0.000000,0.000000,9,3,0,0,0,0,0,0,0,0,0,0
2020/10/16,10:2:16,4.000000,0,0.000000,0.000000,72,20,0,0,0,0,0,0,0,0,0,0
2020/10/16,10:2:26,4.000000,0,0.000000,0.000000,60,20,0,0,0,0,0,0,0,0,0,0
2020/10/16,10:2:36,4.000000,0,0.000000,0.000000,84,24,0,0,0,0,0,0,0,0,0,0
2020/10/16,10:2:46,4.001250,0,0.000000,0.000000,72,20,0,0,0,0,0,0,0,0,0,0
2020/10/16,10:2:56,4.002500,0,0.000000,0.000000,18,6,0,0,0,0,0,0,0,0,0,0
2020/10/16,10:3:16,4.002500,0,0.000000,0.000000,69,23,0,0,0,0,0,0,0,0,0,0
2020/10/16,10:3:26,4.002500,0,0.000000,0.000000,72,20,0,0,0,0,0,0,0,0,0,0
2020/10/16,10:3:36,4.002500,0,0.000000,0.000000,75,21,0,0,0,0,0,0,0,0,0,0
2020/10/16,10:3:46,4.000000,0,0.000000,0.000000,30,10,0,0,0,0,0,0,0,0,0,0
2020/10/16,10:3:56,3.997500,0,0.000000,0.000000,39,13,0,0,0,0,0,0,0,0,0,0
2020/10/16,10:4:16,4.000000,0,0.000000,0.000000,30,10,0,0,0,0,0,0,0,0,0,0
2020/10/16,10:4:26,4.000000,0,0.000000,0.000000,30,10,0,0,0,0,0,0,0,0,0,0
2020/10/16,10:4:36,4.002500,0,0.000000,0.000000,18,3,0,0,0,0,0,0,0,0,0,0
2020/10/16,10:4:46,4.002500,0,0.000000,0.000000,51,17,0,0,0,0,0,0,0,0,0,0
2020/10/16,10:4:56,4.002500,0,0.000000,0.000000,72,24,0,0,0,0,0,0,0,0,0,0
2020/10/16,10:5:16,4.001250,0,0.000000,0.000000,60,20,0,0,0,0,0,0,0,0,0,0
2020/10/16,10:5:26,4.001250,0,0.000000,0.000000,108,36,0,0,0,0,0,0,0,0,0,0
2020/10/16,10:5:36,3.997500,0,0.000000,0.000000,87,29,0,0,0,0,0,0,0,0,0,0
2020/10/16,10:5:46,3.997500,0,0.000000,0.000000,66,22,0,0,0,0,0,0,0,0,0,0
2020/10/16,10:5:56,3.998750,0,0.000000,0.000000,39,13,0,0,0,0,0,0,0,0,0,0
2020/10/16,10:6:16,4.000000,0,0.000000,0.000000,84,25,0,0,0,0,0,0,0,0,0,0
2020/10/16,10:6:26,4.000000,0,0.000000,0.000000,63,17,6,3,3,3,0,0,1,0,0,1
2020/10/16,10:6:36,4.001250,0,0.000000,0.000000,60,13,3,0,0,0,0,0,0,0,0,0
2020/10/16,10:6:46,4.000000,0,0.000000,0.000000,27,9,0,0,0,0,0,0,0,0,0,0
2020/10/16,10:6:56,4.000000,0,0.000000,0.000000,9,3,0,0,0,0,0,0,0,0,0,0
2020/10/16,10:7:16,4.000000,0,0.000000,0.000000,30,10,7,0,0,0,0,0,0,0,0,0
2020/10/16,10:7:26,3.997500,0,0.000000,0.000000,51,17,0,0,0,0,0,0,0,0,0,0
2020/10/16,10:7:36,3.997500,0,0.000000,0.000000,72,20,0,0,0,0,0,0,0,0,0,0
2020/10/16,10:7:46,4.000000,0,0.000000,0.000000,69,19,3,0,0,0,0,0,0,0,0,0
2020/10/16,10:7:56,4.000000,0,0.000000,0.000000,18,6,6,0,0,0,0,0,0,0,0,0
2020/10/16,10:8:16,4.000000,0,0.000000,0.000000,117,39,0,0,0,0,0,0,0,0,0,0
2020/10/16,10:8:26,4.000000,0,0.000000,0.000000,117,32,0,0,0,0,0,0,0,0,0,0
2020/10/16,10:8:36,3.998750,0,0.000000,0.000000,147,42,0,0,0,0,0,0,0,0,0,0
2020/10/16,10:8:46,3.998750,0,0.000000,0.000000,69,23,0,0,0,0,0,0,0,0,0,0
2020/10/16,10:8:56,3.997500,0,0.000000,0.000000,78,22,0,0,0,0,0,0,0,0,0,0
2020/10/16,10:9:16,3.995000,0,0.000000,0.000000,48,16,3,0,0,0,0,0,0,0,0,0
2020/10/16,10:9:26,3.995000,0,0.000000,0.000000,18,6,3,0,0,0,0,0,0,0,0,0
2020/10/16,10:9:36,3.998750,0,0.000000,0.000000,27,9,0,0,0,0,0,0,0,0,0,0
2020/10/16,10:9:46,3.998750,0,0.000000,0.000000,18,3,0,0,0,0,0,0,0,0,0,0
2020/10/16,10:9:56,3.998750,0,0.000000,0.000000,54,15,0,0,0,0,0,0,0,0,0,0
2020/10/16,10:10:16,3.997500,0,0.000000,0.000000,18,6,0,0,0,0,0,0,0,0,0,0
2020/10/16,10:10:26,3.997500,0,0.000000,0.000000,27,6,0,0,0,0,0,0,0,0,0,0
2020/10/16,10:10:36,3.996250,0,0.000000,0.000000,27,6,0,0,0,0,0,0,0,0,0,0
2020/10/16,10:10:46,3.995000,0,0.000000,0.000000,27,9,0,0,0,0,0,0,0,0,0,0
2020/10/16,10:10:56,3.995000,0,0.000000,0.000000,9,3,0,0,0,0,0,0,0,0,0,0
2020/10/16,10:11:16,3.995000,0,0.000000,0.000000,114,38,0,0,0,0,0,0,0,0,0,0
2020/10/16,10:11:26,3.996250,0,0.000000,0.000000,72,24,0,0,0,0,0,0,0,0,0,0
2020/10/16,10:11:36,3.997500,0,0.000000,0.000000,105,31,0,0,0,0,0,0,0,0,0,0
2020/10/16,10:11:46,3.997500,0,0.000000,0.000000,99,29,0,0,0,0,0,0,0,0,0,0
2020/10/16,10:11:56,3.996250,0,0.000000,0.000000,66,22,0,0,0,0,0,0,0,0,0,0
2020/10/16,10:12:16,3.995000,0,0.000000,0.000000,57,15,0,0,0,0,0,0,0,0,0,0
2020/10/16,10:12:26,3.992500,0,0.000000,0.000000,39,6,0,0,0,0,0,0,0,0,0,0
2020/10/16,10:12:36,3.993750,0,0.000000,0.000000,18,3,0,0,0,0,0,0,0,0,0,0
2020/10/16,10:12:46,3.993750,0,0.000000,0.000000,9,3,0,0,0,0,0,0,0,0,0,0
2020/10/16,10:12:56,3.995000,0,0.000000,0.000000,54,14,0,0,0,0,0,0,0,0,0,0
2020/10/16,10:13:16,3.996250,0,0.000000,0.000000,21,7,0,0,0,0,0,0,0,0,0,0
2020/10/16,10:13:26,3.996250,0,0.000000,0.000000,30,7,0,0,0,0,0,0,0,0,0,0
2020/10/16,10:13:36,3.995000,0,0.000000,0.000000,9,3,0,0,0,0,0,0,0,0,0,0
2020/10/16,10:13:46,3.992500,0,0.000000,0.000000,18,6,3,3,3,3,0,0,2,0,0,2
2020/10/16,10:13:56,3.992500,0,0.000000,0.000000,84,28,3,3,3,3,0,0,2,0,0,2
2020/10/16,10:14:16,3.992500,0,0.000000,0.000000,66,22,3,3,3,3,0,0,1,0,0,1
2020/10/16,10:14:26,3.993750,0,0.000000,0.000000,93,31,3,3,3,3,0,0,2,0,0,2
2020/10/16,10:14:36,3.995000,0,0.000000,0.000000,72,20,3,0,0,0,0,0,0,0,0,0
2020/10/16,10:14:46,3.995000,0,0.000000,0.000000,48,13,0,0,0,0,0,0,0,0,0,0
2020/10/16,10:14:56,3.995000,0,0.000000,0.000000,198,66,13,0,0,0,0,0,0,0,0,0
2020/10/16,10:15:16,3.995000,0,0.000000,0.000000,114,34,0,0,0,0,0,0,0,0,0,0
2020/10/16,10:15:26,3.992500,0,0.000000,0.000000,18,6,3,3,0,0,0,0,0,0,0,0
2020/10/16,10:15:36,3.990000,0,0.000000,0.000000,21,7,0,0,0,0,0,0,0,0,0,0
2020/10/16,10:15:46,3.991250,0,0.000000,0.000000,117,35,3,3,3,3,0,0,2,0,0,2
2020/10/16,10:15:56,3.992500,0,0.000000,0.000000,114,34,0,0,0,0,0,0,0,0,0,0
2020/10/16,10:16:16,3.993750,0,0.000000,0.000000,102,34,3,0,0,0,0,0,0,0,0,0
2020/10/16,10:16:26,3.995000,0,0.000000,0.000000,99,29,0,0,0,0,0,0,0,0,0,0
2020/10/16,10:16:36,3.993750,0,0.000000,0.000000,102,27,0,0,0,0,0,0,0,0,0,0
2020/10/16,10:16:46,3.993750,0,0.000000,0.000000,174,51,3,0,0,0,0,0,0,0,0,0
2020/10/16,10:16:56,3.995000,0,0.000000,0.000000,93,27,3,0,0,0,0,0,0,0,0,0
2020/10/16,10:17:16,3.993750,0,0.000000,0.000000,48,16,3,0,0,0,0,0,0,0,0,0
2020/10/16,10:17:26,3.990000,0,0.000000,0.000000,102,27,6,3,3,3,0,0,2,0,0,2
2020/10/16,10:17:36,3.992500,0,0.000000,0.000000,93,24,6,3,3,3,0,0,2,0,0,2
2020/10/16,10:17:46,3.992500,0,0.000000,0.000000,93,31,3,0,0,0,0,0,0,0,0,0
2020/10/16,10:17:56,3.993750,0,0.000000,0.000000,69,23,0,0,0,0,0,0,0,0,0,0
2020/10/16,10:18:16,3.992500,0,0.000000,0.000000,48,12,0,0,0,0,0,0,0,0,0,0
2020/10/16,10:18:26,3.992500,0,0.000000,0.000000,117,39,0,0,0,0,0,0,0,0,0,0
2020/10/16,10:18:36,3.992500,0,0.000000,0.000000,114,35,0,0,0,0,0,0,0,0,0,0
2020/10/16,10:18:46,3.993750,0,0.000000,0.000000,54,12,0,0,0,0,0,0,0,0,0,0
2020/10/16,10:18:56,3.992500,0,0.000000,0.000000,36,9,0,0,0,0,0,0,0,0,0,0
2020/10/16,10:19:16,3.991250,0,0.000000,0.000000,51,13,0,0,0,0,0,0,0,0,0,0
2020/10/16,10:19:26,3.992500,0,0.000000,0.000000,60,16,0,0,0,0,0,0,0,0,0,0
2020/10/16,10:19:36,3.992500,0,0.000000,0.000000,63,21,0,0,0,0,0,0,0,0,0,0
2020/10/16,10:19:46,3.992500,0,0.000000,0.000000,129,35,0,0,0,0,0,0,0,0,0,0
2020/10/16,10:19:56,3.992500,0,0.000000,0.000000,108,28,0,0,0,0,0,0,0,0,0,0
2020/10/16,10:20:16,3.992500,0,0.000000,0.000000,69,23,0,0,0,0,0,0,0,0,0,0
2020/10/16,10:20:26,3.992500,0,0.000000,0.000000,102,31,7,0,0,0,0,0,0,0,0,0
2020/10/16,10:20:36,3.991250,0,0.000000,0.000000,129,43,7,0,0,0,0,0,0,0,0,0
2020/10/16,10:20:46,3.990000,0,0.000000,0.000000,75,25,0,0,0,0,0,0,0,0,0,0
2020/10/16,10:20:56,3.988750,0,0.000000,0.000000,120,40,0,0,0,0,0,0,0,0,0,0
2020/10/16,10:21:16,3.992500,0,0.000000,0.000000,39,10,3,3,3,3,0,0,1,0,0,1
2020/10/16,10:21:26,3.992500,0,0.000000,0.000000,51,17,0,0,0,0,0,0,0,0,0,0
2020/10/16,10:21:36,3.991250,0,0.000000,0.000000,51,17,0,0,0,0,0,0,0,0,0,0
2020/10/16,10:21:46,3.991250,0,0.000000,0.000000,84,28,0,0,0,0,0,0,0,0,0,0
2020/10/16,10:21:56,3.991250,0,0.000000,0.000000,93,28,0,0,0,0,0,0,0,0,0,0
2020/10/16,10:22:16,3.990000,0,0.000000,0.000000,21,3,0,0,0,0,0,0,0,0,0,0
2020/10/16,10:22:26,3.988750,0,0.000000,0.000000,60,17,0,0,0,0,0,0,0,0,0,0
2020/10/16,10:22:36,3.987500,0,0.000000,0.000000,111,34,0,0,0,0,0,0,0,0,0,0
2020/10/16,10:22:46,3.987500,0,0.000000,0.000000,18,6,0,0,0,0,0,0,0,0,0,0
2020/10/16,10:22:56,3.987500,0,0.000000,0.000000,42,14,0,0,0,0,0,0,0,0,0,0
2020/10/16,10:23:16,3.990000,0,0.000000,0.000000,36,12,0,0,0,0,0,0,0,0,0,0
2020/10/16,10:23:26,3.990000,0,0.000000,0.000000,69,19,0,0,0,0,0,0,0,0,0,0
2020/10/16,10:23:36,3.990000,0,0.000000,0.000000,39,13,0,0,0,0,0,0,0,0,0,0
2020/10/16,10:23:46,3.987500,0,0.000000,0.000000,69,23,7,7,7,7,0,0,6,0,0,6
2020/10/16,10:23:56,3.987500,0,0.000000,0.000000,102,34,7,7,7,7,0,0,5,0,0,5
2020/10/16,10:24:16,3.986250,0,0.000000,0.000000,120,40,3,0,0,0,0,0,0,0,0,0
2020/10/16,10:24:26,3.987500,0,0.000000,0.000000,51,17,3,0,0,0,0,0,0,0,0,0
2020/10/16,10:24:36,3.987500,0,0.000000,0.000000,0,0,0,0,0,0,0,0,0,0,0,0
2020/10/16,10:24:46,3.988750,0,0.000000,0.000000,21,7,0,0,0,0,0,0,0,0,0,0
2020/10/16,10:24:56,3.990000,0,0.000000,0.000000,39,13,0,0,0,0,0,0,0,0,0,0
2020/10/16,10:25:16,3.987500,0,0.000000,0.000000,39,13,0,0,0,0,0,0,0,0,0,0
2020/10/16,10:25:26,3.987500,0,0.000000,0.000000,27,9,0,0,0,0,0,0,0,0,0,0
2020/10/16,10:25:36,3.986250,0,0.000000,0.000000,36,12,0,0,0,0,0,0,0,0,0,0
2020/10/16,10:25:46,3.985000,0,0.000000,0.000000,57,19,0,0,0,0,0,0,0,0,0,0
2020/10/16,10:25:56,3.986250,0,0.000000,0.000000,93,27,3,3,3,3,0,0,2,0,0,2
2020/10/16,10:26:16,3.987500,0,0.000000,0.000000,39,13,0,0,0,0,0,0,0,0,0,0
2020/10/16,10:26:26,3.987500,0,0.000000,0.000000,141,43,3,0,0,0,0,0,0,0,0,0
2020/10/16,10:26:36,3.987500,0,0.000000,0.000000,153,47,6,0,0,0,0,0,0,0,0,0
2020/10/16,10:26:46,3.988750,0,0.000000,0.000000,69,23,3,0,0,0,0,0,0,0,0,0
2020/10/16,10:26:56,3.988750,0,0.000000,0.000000,63,21,0,0,0,0,0,0,0,0,0,0
2020/10/16,10:27:16,3.985000,0,0.000000,0.000000,108,36,0,0,0,0,0,0,0,0,0,0
2020/10/16,10:27:26,3.985000,0,0.000000,0.000000,54,18,0,0,0,0,0,0,0,0,0,0
2020/10/16,10:27:36,3.985000,0,0.000000,0.000000,54,18,3,0,0,0,0,0,0,0,0,0
2020/10/16,10:27:46,3.987500,0,0.000000,0.000000,54,18,3,0,0,0,0,0,0,0,0,0
2020/10/16,10:27:56,3.987500,0,0.000000,0.000000,66,18,3,0,0,0,0,0,0,0,0,0
2020/10/16,10:28:16,3.987500,0,0.000000,0.000000,78,26,3,3,3,3,0,0,1,0,0,1
2020/10/16,10:28:26,3.987500,0,0.000000,0.000000,72,24,0,0,0,0,0,0,0,0,0,0
2020/10/16,10:28:36,3.987500,0,0.000000,0.000000,21,7,0,0,0,0,0,0,0,0,0,0
2020/10/16,10:28:46,3.987500,0,0.000000,0.000000,30,10,0,0,0,0,0,0,0,0,0,0
2020/10/16,10:28:56,3.987500,0,0.000000,0.000000,126,34,0,0,0,0,0,0,0,0,0,0
2020/10/16,10:29:16,3.985000,0,0.000000,0.000000,93,31,0,0,0,0,0,0,0,0,0,0
2020/10/16,10:29:26,3.986250,0,0.000000,0.000000,93,31,0,0,0,0,0,0,0,0,0,0
2020/10/16,10:29:36,3.987500,0,0.000000,0.000000,84,28,0,0,0,0,0,0,0,0,0,0
2020/10/16,10:29:46,3.987500,0,0.000000,0.000000,51,17,0,0,0,0,0,0,0,0,0,0
2020/10/16,10:29:56,3.986250,0,0.000000,0.000000,30,10,0,0,0,0,0,0,0,0,0,0
2020/10/16,10:30:16,3.986250,0,0.000000,0.000000,84,17,0,0,0,0,0,0,0,0,0,0
2020/10/16,10:30:26,3.987500,0,0.000000,0.000000,72,17,0,0,0,0,0,0,0,0,0,0
2020/10/16,10:30:36,3.985000,0,0.000000,0.000000,72,24,0,0,0,0,0,0,0,0,0,0
2020/10/16,10:30:46,3.985000,0,0.000000,0.000000,90,30,0,0,0,0,0,0,0,0,0,0
2020/10/16,10:30:56,3.982500,0,0.000000,0.000000,45,15,0,0,0,0,0,0,0,0,0,0
2020/10/16,10:31:16,3.985000,0,0.000000,0.000000,18,6,0,0,0,0,0,0,0,0,0,0
2020/10/16,10:31:26,3.986250,0,0.000000,0.000000,36,9,0,0,0,0,0,0,0,0,0,0
2020/10/16,10:31:36,3.985000,0,0.000000,0.000000,48,9,0,0,0,0,0,0,0,0,0,0
2020/10/16,10:31:46,3.985000,0,0.000000,0.000000,18,6,0,0,0,0,0,0,0,0,0,0
2020/10/16,10:31:56,3.986250,0,0.000000,0.000000,30,10,0,0,0,0,0,0,0,0,0,0
2020/10/16,10:32:16,3.985000,0,0.000000,0.000000,60,16,0,0,0,0,0,0,0,0,0,0
2020/10/16,10:32:26,3.982500,0,0.000000,0.000000,9,3,0,0,0,0,0,0,0,0,0,0
2020/10/16,10:32:36,3.981250,0,0.000000,0.000000,9,3,0,0,0,0,0,0,0,0,0,0
2020/10/16,10:32:46,3.981250,0,0.000000,0.000000,39,13,0,0,0,0,0,0,0,0,0,0
2020/10/16,10:32:56,3.985000,0,0.000000,0.000000,111,37,0,0,0,0,0,0,0,0,0,0
2020/10/16,10:33:16,3.985000,0,0.000000,0.000000,18,3,0,0,0,0,0,0,0,0,0,0
2020/10/16,10:33:26,3.983750,0,0.000000,0.000000,30,10,0,0,0,0,0,0,0,0,0,0
2020/10/16,10:33:36,3.985000,0,0.000000,0.000000,42,14,3,3,3,3,0,0,1,0,0,1
2020/10/16,10:33:46,3.983750,0,0.000000,0.000000,39,13,0,0,0,0,0,0,0,0,0,0
2020/10/16,10:33:56,3.982500,0,0.000000,0.000000,45,15,0,0,0,0,0,0,0,0,0,0
2020/10/16,10:34:16,3.980000,0,0.000000,0.000000,81,24,3,0,0,0,0,0,0,0,0,0
2020/10/16,10:34:26,3.980000,0,0.000000,0.000000,93,31,3,0,0,0,0,0,0,0,0,0
2020/10/16,10:34:36,3.981250,0,0.000000,0.000000,63,21,0,0,0,0,0,0,0,0,0,0
2020/10/16,10:34:46,3.982500,0,0.000000,0.000000,39,13,0,0,0,0,0,0,0,0,0,0
2020/10/16,10:34:56,3.983750,0,0.000000,0.000000,57,19,0,0,0,0,0,0,0,0,0,0
2020/10/16,10:35:16,3.982500,0,0.000000,0.000000,63,17,0,0,0,0,0,0,0,0,0,0
2020/10/16,10:35:26,3.982500,0,0.000000,0.000000,39,13,0,0,0,0,0,0,0,0,0,0
2020/10/16,10:35:36,3.981250,0,0.000000,0.000000,39,13,0,0,0,0,0,0,0,0,0,0
2020/10/16,10:35:46,3.980000,0,0.000000,0.000000,27,9,0,0,0,0,0,0,0,0,0,0
2020/10/16,10:35:56,3.980000,0,0.000000,0.000000,9,3,0,0,0,0,0,0,0,0,0,0
2020/10/16,10:36:16,3.980000,0,0.000000,0.000000,18,6,3,0,0,0,0,0,0,0,0,0
2020/10/16,10:36:26,3.982500,0,0.000000,0.000000,9,0,0,0,0,0,0,0,0,0,0,0
2020/10/16,10:36:36,3.982500,0,0.000000,0.000000,42,11,0,0,0,0,0,0,0,0,0,0
2020/10/16,10:36:46,3.982500,0,0.000000,0.000000,39,13,0,0,0,0,0,0,0,0,0,0
2020/10/16,10:36:56,3.981250,0,0.000000,0.000000,48,16,0,0,0,0,0,0,0,0,0,0
2020/10/16,10:37:16,3.980000,0,0.000000,0.000000,81,24,0,0,0,0,0,0,0,0,0,0
2020/10/16,10:37:26,3.978750,0,0.000000,0.000000,30,3,0,0,0,0,0,0,0,0,0,0
2020/10/16,10:37:36,3.980000,0,0.000000,0.000000,30,6,0,0,0,0,0,0,0,0,0,0
2020/10/16,10:37:46,3.980000,0,0.000000,0.000000,18,3,0,0,0,0,0,0,0,0,0,0
2020/10/16,10:37:56,3.980000,0,0.000000,0.000000,9,0,0,0,0,0,0,0,0,0,0,0
2020/10/16,10:38:16,3.982500,0,0.000000,0.000000,30,10,0,0,0,0,0,0,0,0,0,0
2020/10/16,10:38:26,3.982500,0,0.000000,0.000000,18,6,0,0,0,0,0,0,0,0,0,0
2020/10/16,10:38:36,3.982500,0,0.000000,0.000000,21,7,0,0,0,0,0,0,0,0,0,0
2020/10/16,10:38:46,3.978750,0,0.000000,0.000000,18,3,0,0,0,0,0,0,0,0,0,0
2020/10/16,10:38:56,3.977500,0,0.000000,0.000000,39,10,3,0,0,0,0,0,0,0,0,0
2020/10/16,10:39:16,3.977500,0,0.000000,0.000000,129,40,0,0,0,0,0,0,0,0,0,0
2020/10/16,10:39:26,3.980000,0,0.000000,0.000000,120,40,0,0,0,0,0,0,0,0,0,0
2020/10/16,10:39:36,3.980000,0,0.000000,0.000000,60,20,0,0,0,0,0,0,0,0,0,0
2020/10/16,10:39:46,3.980000,0,0.000000,0.000000,60,20,0,0,0,0,0,0,0,0,0,0
2020/10/16,10:39:56,3.981250,0,0.000000,0.000000,30,10,0,0,0,0,0,0,0,0,0,0
2020/10/16,10:40:16,3.981250,0,0.000000,0.000000,39,13,0,0,0,0,0,0,0,0,0,0
2020/10/16,10:40:26,3.980000,0,0.000000,0.000000,51,17,3,0,0,0,0,0,0,0,0,0
2020/10/16,10:40:36,3.980000,0,0.000000,0.000000,120,36,3,0,0,0,0,0,0,0,0,0
2020/10/16,10:40:46,3.977500,0,0.000000,0.000000,105,31,0,0,0,0,0,0,0,0,0,0
2020/10/16,10:40:56,3.978750,0,0.000000,0.000000,48,16,0,0,0,0,0,0,0,0,0,0
2020/10/16,10:41:16,3.978750,0,0.000000,0.000000,81,27,3,0,0,0,0,0,0,0,0,0
2020/10/16,10:41:26,3.980000,0,0.000000,0.000000,39,13,3,0,0,0,0,0,0,0,0,0
2020/10/16,10:41:36,3.980000,0,0.000000,0.000000,42,14,0,0,0,0,0,0,0,0,0,0
2020/10/16,10:41:46,3.980000,0,0.000000,0.000000,78,26,0,0,0,0,0,0,0,0,0,0
2020/10/16,10:41:56,3.980000,0,0.000000,0.000000,48,16,0,0,0,0,0,0,0,0,0,0
2020/10/16,10:42:16,3.980000,0,0.000000,0.000000,63,17,0,0,0,0,0,0,0,0,0,0
2020/10/16,10:42:26,3.977500,0,0.000000,0.000000,84,25,7,0,0,0,0,0,0,0,0,0
2020/10/16,10:42:36,3.976250,0,0.000000,0.000000,51,14,7,0,0,0,0,0,0,0,0,0
2020/10/16,10:42:46,3.978750,0,0.000000,0.000000,21,7,3,3,3,3,0,0,1,0,0,1
2020/10/16,10:42:56,3.980000,0,0.000000,0.000000,75,25,3,3,3,3,0,0,1,0,0,1
2020/10/16,10:43:16,3.977500,0,0.000000,0.000000,18,6,0,0,0,0,0,0,0,0,0,0
2020/10/16,10:43:26,3.980000,0,0.000000,0.000000,30,10,0,0,0,0,0,0,0,0,0,0
2020/10/16,10:43:36,3.980000,0,0.000000,0.000000,18,6,0,0,0,0,0,0,0,0,0,0
2020/10/16,10:43:46,3.978750,0,0.000000,0.000000,39,13,0,0,0,0,0,0,0,0,0,0
2020/10/16,10:43:56,3.977500,0,0.000000,0.000000,69,20,3,0,0,0,0,0,0,0,0,0
2020/10/16,10:44:16,3.975000,0,0.000000,0.000000,39,9,0,0,0,0,0,0,0,0,0,0
2020/10/16,10:44:26,3.975000,0,0.000000,0.000000,72,20,0,0,0,0,0,0,0,0,0,0
2020/10/16,10:44:36,3.975000,0,0.000000,0.000000,69,20,0,0,0,0,0,0,0,0,0,0
2020/10/16,10:44:46,3.977500,0,0.000000,0.000000,45,12,0,0,0,0,0,0,0,0,0,0
2020/10/16,10:44:56,3.977500,0,0.000000,0.000000,36,9,0,0,0,0,0,0,0,0,0,0
2020/10/16,10:45:16,3.977500,0,0.000000,0.000000,27,9,0,0,0,0,0,0,0,0,0,0
2020/10/16,10:45:26,3.977500,0,0.000000,0.000000,30,10,0,0,0,0,0,0,0,0,0,0
2020/10/16,10:45:36,3.976250,0,0.000000,0.000000,84,21,0,0,0,0,0,0,0,0,0,0
2020/10/16,10:45:46,3.975000,0,0.000000,0.000000,96,28,0,0,0,0,0,0,0,0,0,0
2020/10/16,10:45:56,3.973750,0,0.000000,0.000000,63,21,0,0,0,0,0,0,0,0,0,0
2020/10/16,10:46:16,3.975000,0,0.000000,0.000000,45,12,0,0,0,0,0,0,0,0,0,0
2020/10/16,10:46:26,3.975000,0,0.000000,0.000000,9,3,0,0,0,0,0,0,0,0,0,0
2020/10/16,10:46:36,3.976250,0,0.000000,0.000000,0,0,0,0,0,0,0,0,0,0,0,0
2020/10/16,10:46:46,3.977500,0,0.000000,0.000000,21,7,0,0,0,0,0,0,0,0,0,0
2020/10/16,10:46:56,3.977500,0,0.000000,0.000000,84,24,0,0,0,0,0,0,0,0,0,0
2020/10/16,10:47:16,3.975000,0,0.000000,0.000000,42,14,0,0,0,0,0,0,0,0,0,0
2020/10/16,10:47:26,3.973750,0,0.000000,0.000000,69,20,0,0,0,0,0,0,0,0,0,0
2020/10/16,10:47:36,3.972500,0,0.000000,0.000000,45,15,0,0,0,0,0,0,0,0,0,0
2020/10/16,10:47:46,3.972500,0,0.000000,0.000000,66,19,0,0,0,0,0,0,0,0,0,0
2020/10/16,10:47:56,3.975000,0,0.000000,0.000000,99,30,0,0,0,0,0,0,0,0,0,0
2020/10/16,10:48:16,3.976250,0,0.000000,0.000000,105,31,0,0,0,0,0,0,0,0,0,0
2020/10/16,10:48:26,3.976250,0,0.000000,0.000000,51,17,0,0,0,0,0,0,0,0,0,0
2020/10/16,10:48:36,3.976250,0,0.000000,0.000000,30,10,0,0,0,0,0,0,0,0,0,0
2020/10/16,10:48:46,3.975000,0,0.000000,0.000000,39,13,0,0,0,0,0,0,0,0,0,0
2020/10/16,10:48:56,3.972500,0,0.000000,0.000000,39,13,0,0,0,0,0,0,0,0,0,0
2020/10/16,10:49:16,3.971250,0,0.000000,0.000000,60,20,3,0,0,0,0,0,0,0,0,0
2020/10/16,10:49:26,3.972500,0,0.000000,0.000000,21,7,0,0,0,0,0,0,0,0,0,0
2020/10/16,10:49:36,3.972500,0,0.000000,0.000000,9,3,0,0,0,0,0,0,0,0,0,0
2020/10/16,10:49:46,3.975000,0,0.000000,0.000000,63,21,3,3,3,3,0,0,1,0,0,1
2020/10/16,10:49:56,3.975000,0,0.000000,0.000000,18,6,0,0,0,0,0,0,0,0,0,0
2020/10/16,10:50:16,3.975000,0,0.000000,0.000000,48,12,0,0,0,0,0,0,0,0,0,0
2020/10/16,10:50:26,3.975000,0,0.000000,0.000000,63,17,0,0,0,0,0,0,0,0,0,0
2020/10/16,10:50:36,3.975000,0,0.000000,0.000000,51,17,0,0,0,0,0,0,0,0,0,0
2020/10/16,10:50:46,3.971250,0,0.000000,0.000000,45,12,3,0,0,0,0,0,0,0,0,0
2020/10/16,10:50:56,3.972500,0,0.000000,0.000000,108,36,3,0,0,0,0,0,0,0,0,0
2020/10/16,10:51:16,3.972500,0,0.000000,0.000000,18,6,0,0,0,0,0,0,0,0,0,0
2020/10/16,10:51:26,3.975000,0,0.000000,0.000000,18,0,0,0,0,0,0,0,0,0,0,0
2020/10/16,10:51:36,3.975000,0,0.000000,0.000000,48,13,0,0,0,0,0,0,0,0,0,0
2020/10/16,10:51:46,3.975000,0,0.000000,0.000000,48,16,3,0,0,0,0,0,0,0,0,0
2020/10/16,10:51:56,3.975000,0,0.000000,0.000000,48,16,3,0,0,0,0,0,0,0,0,0
2020/10/16,10:52:16,3.973750,0,0.000000,0.000000,129,43,0,0,0,0,0,0,0,0,0,0
2020/10/16,10:52:26,3.972500,0,0.000000,0.000000,72,24,0,0,0,0,0,0,0,0,0,0
2020/10/16,10:52:36,3.971250,0,0.000000,0.000000,63,21,0,0,0,0,0,0,0,0,0,0
2020/10/16,10:52:46,3.972500,0,0.000000,0.000000,105,35,3,3,3,3,0,0,2,0,0,2
2020/10/16,10:52:56,3.972500,0,0.000000,0.000000,39,13,3,3,3,3,0,0,1,0,0,1
2020/10/16,10:53:16,3.973750,0,0.000000,0.000000,69,23,0,0,0,0,0,0,0,0,0,0
2020/10/16,10:53:26,3.972500,0,0.000000,0.000000,36,9,0,0,0,0,0,0,0,0,0,0
2020/10/16,10:53:36,3.973750,0,0.000000,0.000000,18,3,3,3,3,3,0,0,1,0,0,1
2020/10/16,10:53:46,3.972500,0,0.000000,0.000000,48,16,6,3,3,3,0,0,1,0,0,1
2020/10/16,10:53:56,3.972500,0,0.000000,0.000000,51,17,3,0,0,0,0,0,0,0,0,0
2020/10/16,10:54:16,3.970000,0,0.000000,0.000000,60,20,3,3,3,3,0,0,1,0,0,1
2020/10/16,10:54:26,3.970000,0,0.000000,0.000000,27,9,0,0,0,0,0,0,0,0,0,0
2020/10/16,10:54:36,3.972500,0,0.000000,0.000000,48,16,3,0,0,0,0,0,0,0,0,0
2020/10/16,10:54:46,3.972500,0,0.000000,0.000000,60,20,3,0,0,0,0,0,0,0,0,0
2020/10/16,10:54:56,3.972500,0,0.000000,0.000000,30,10,0,0,0,0,0,0,0,0,0,0
2020/10/16,10:55:16,3.972500,0,0.000000,0.000000,42,14,0,0,0,0,0,0,0,0,0,0
2020/10/16,10:55:26,3.972500,0,0.000000,0.000000,42,14,0,0,0,0,0,0,0,0,0,0
2020/10/16,10:55:36,3.970000,0,0.000000,0.000000,63,21,3,0,0,0,0,0,0,0,0,0
2020/10/16,10:55:46,3.970000,0,0.000000,0.000000,51,17,3,0,0,0,0,0,0,0,0,0
2020/10/16,10:55:56,3.968750,0,0.000000,0.000000,18,3,0,0,0,0,0,0,0,0,0,0
2020/10/16,10:56:16,3.967500,0,0.000000,0.000000,27,9,0,0,0,0,0,0,0,0,0,0
2020/10/16,10:56:26,3.971250,0,0.000000,0.000000,30,6,0,0,0,0,0,0,0,0,0,0
2020/10/16,10:56:36,3.971250,0,0.000000,0.000000,87,21,0,0,0,0,0,0,0,0,0,0
2020/10/16,10:56:46,3.971250,0,0.000000,0.000000,189,59,3,0,0,0,0,0,0,0,0,0
2020/10/16,10:56:56,3.971250,0,0.000000,0.000000,63,18,0,0,0,0,0,0,0,0,0,0
2020/10/16,10:57:16,3.970000,0,0.000000,0.000000,84,28,0,0,0,0,0,0,0,0,0,0
2020/10/16,10:57:26,3.967500,0,0.000000,0.000000,93,31,0,0,0,0,0,0,0,0,0,0
2020/10/16,10:57:36,3.967500,0,0.000000,0.000000,90,26,0,0,0,0,0,0,0,0,0,0
2020/10/16,10:57:46,3.967500,0,0.000000,0.000000,51,17,0,0,0,0,0,0,0,0,0,0
2020/10/16,10:57:56,3.967500,0,0.000000,0.000000,30,10,0,0,0,0,0,0,0,0,0,0
2020/10/16,10:58:16,3.970000,0,0.000000,0.000000,39,9,3,0,0,0,0,0,0,0,0,0
2020/10/16,10:58:26,3.970000,0,0.000000,0.000000,42,10,0,0,0,0,0,0,0,0,0,0
2020/10/16,10:58:36,3.970000,0,0.000000,0.000000,39,10,0,0,0,0,0,0,0,0,0,0
2020/10/16,10:58:46,3.970000,0,0.000000,0.000000,36,12,0,0,0,0,0,0,0,0,0,0
2020/10/16,10:58:56,3.968750,0,0.000000,0.000000,36,12,0,0,0,0,0,0,0,0,0,0
2020/10/16,10:59:16,3.965000,0,0.000000,0.000000,81,24,3,0,0,0,0,0,0,0,0,0
2020/10/16,10:59:26,3.966250,0,0.000000,0.000000,60,20,0,0,0,0,0,0,0,0,0,0
2020/10/16,10:59:36,3.967500,0,0.000000,0.000000,39,13,0,0,0,0,0,0,0,0,0,0
2020/10/16,10:59:46,3.967500,0,0.000000,0.000000,27,9,0,0,0,0,0,0,0,0,0,0
2020/10/16,10:59:56,3.970000,0,0.000000,0.000000,0,0,0,0,0,0,0,0,0,0,0,0
2020/10/16,11:0:16,3.968750,0,0.000000,0.000000,93,31,0,0,0,0,0,0,0,0,0,0
2020/10/16,11:0:26,3.967500,0,0.000000,0.000000,33,11,0,0,0,0,0,0,0,0,0,0
2020/10/16,11:0:36,3.967500,0,0.000000,0.000000,9,3,0,0,0,0,0,0,0,0,0,0
2020/10/16,11:0:46,3.965000,0,0.000000,0.000000,33,11,0,0,0,0,0,0,0,0,0,0
2020/10/16,11:0:56,3.965000,0,0.000000,0.000000,42,11,0,0,0,0,0,0,0,0,0,0
2020/10/16,11:1:16,3.966250,0,0.000000,0.000000,48,16,3,0,0,0,0,0,0,0,0,0
2020/10/16,11:1:26,3.967500,0,0.000000,0.000000,27,9,3,0,0,0,0,0,0,0,0,0
2020/10/16,11:1:36,3.968750,0,0.000000,0.000000,42,14,0,0,0,0,0,0,0,0,0,0
2020/10/16,11:1:46,3.968750,0,0.000000,0.000000,42,14,0,0,0,0,0,0,0,0,0,0
2020/10/16,11:1:56,3.967500,0,0.000000,0.000000,72,24,0,0,0,0,0,0,0,0,0,0
2020/10/16,11:2:16,3.967500,0,0.000000,0.000000,48,16,0,0,0,0,0,0,0,0,0,0
2020/10/16,11:2:26,3.965000,0,0.000000,0.000000,18,6,0,0,0,0,0,0,0,0,0,0
2020/10/16,11:2:36,3.963750,0,0.000000,0.000000,96,32,0,0,0,0,0,0,0,0,0,0
2020/10/16,11:2:46,3.965000,0,0.000000,0.000000,96,32,0,0,0,0,0,0,0,0,0,0
2020/10/16,11:2:56,3.967500,0,0.000000,0.000000,63,21,0,0,0,0,0,0,0,0,0,0
2020/10/16,11:3:16,3.967500,0,0.000000,0.000000,0,0,0,0,0,0,0,0,0,0,0,0
2020/10/16,11:3:26,3.967500,0,0.000000,0.000000,39,13,0,0,0,0,0,0,0,0,0,0
2020/10/16,11:3:36,3.967500,0,0.000000,0.000000,81,23,0,0,0,0,0,0,0,0,0,0
2020/10/16,11:3:46,3.967500,0,0.000000,0.000000,81,23,0,0,0,0,0,0,0,0,0,0
2020/10/16,11:3:56,3.967500,0,0.000000,0.000000,51,17,0,0,0,0,0,0,0,0,0,0
2020/10/16,11:4:16,3.963750,0,0.000000,0.000000,48,12,0,0,0,0,0,0,0,0,0,0
2020/10/16,11:4:26,3.965000,0,0.000000,0.000000,39,9,0,0,0,0,0,0,0,0,0,0
2020/10/16,11:4:36,3.965000,0,0.000000,0.000000,18,6,0,0,0,0,0,0,0,0,0,0
2020/10/16,11:4:46,3.967500,0,0.000000,0.000000,27,9,0,0,0,0,0,0,0,0,0,0
2020/10/16,11:4:56,3.967500,0,0.000000,0.000000,48,16,0,0,0,0,0,0,0,0,0,0
2020/10/16,11:5:16,3.966250,0,0.000000,0.000000,51,13,3,0,0,0,0,0,0,0,0,0
2020/10/16,11:5:26,3.965000,0,0.000000,0.000000,57,19,3,0,0,0,0,0,0,0,0,0
2020/10/16,11:5:36,3.965000,0,0.000000,0.000000,57,12,0,0,0,0,0,0,0,0,0,0
2020/10/16,11:5:46,3.965000,0,0.000000,0.000000,39,6,0,0,0,0,0,0,0,0,0,0
2020/10/16,11:5:56,3.963750,0,0.000000,0.000000,18,3,0,0,0,0,0,0,0,0,0,0
2020/10/16,11:6:16,3.965000,0,0.000000,0.000000,90,30,0,0,0,0,0,0,0,0,0,0
2020/10/16,11:6:26,3.966250,0,0.000000,0.000000,27,9,0,0,0,0,0,0,0,0,0,0
2020/10/16,11:6:36,3.965000,0,0.000000,0.000000,9,3,0,0,0,0,0,0,0,0,0,0
2020/10/16,11:6:46,3.966250,0,0.000000,0.000000,18,3,0,0,0,0,0,0,0,0,0,0
2020/10/16,11:6:56,3.965000,0,0.000000,0.000000,18,3,0,0,0,0,0,0,0,0,0,0
2020/10/16,11:7:16,3.965000,0,0.000000,0.000000,39,10,0,0,0,0,0,0,0,0,0,0
2020/10/16,11:7:26,3.963750,0,0.000000,0.000000,60,20,0,0,0,0,0,0,0,0,0,0
2020/10/16,11:7:36,3.962500,0,0.000000,0.000000,21,7,0,0,0,0,0,0,0,0,0,0
2020/10/16,11:7:46,3.962500,0,0.000000,0.000000,60,17,0,0,0,0,0,0,0,0,0,0
2020/10/16,11:7:56,3.961250,0,0.000000,0.000000,126,42,0,0,0,0,0,0,0,0,0,0
2020/10/16,11:8:16,3.965000,0,0.000000,0.000000,60,20,0,0,0,0,0,0,0,0,0,0
2020/10/16,11:8:26,3.965000,0,0.000000,0.000000,66,22,0,0,0,0,0,0,0,0,0,0
2020/10/16,11:8:36,3.965000,0,0.000000,0.000000,45,15,0,0,0,0,0,0,0,0,0,0
2020/10/16,11:8:46,3.965000,0,0.000000,0.000000,81,27,3,3,3,3,0,0,2,0,0,2
2020/10/16,11:8:56,3.962500,0,0.000000,0.000000,111,37,3,3,3,3,0,0,2,0,0,2
2020/10/16,11:9:16,3.961250,0,0.000000,0.000000,84,28,3,0,0,0,0,0,0,0,0,0
2020/10/16,11:9:26,3.960000,0,0.000000,0.000000,9,3,0,0,0,0,0,0,0,0,0,0
2020/10/16,11:9:36,3.960000,0,0.000000,0.000000,21,7,0,0,0,0,0,0,0,0,0,0
2020/10/16,11:9:46,3.962500,0,0.000000,0.000000,63,21,0,0,0,0,0,0,0,0,0,0
2020/10/16,11:9:56,3.962500,0,0.000000,0.000000,72,24,0,0,0,0,0,0,0,0,0,0
2020/10/16,11:10:16,3.963750,0,0.000000,0.000000,48,16,0,0,0,0,0,0,0,0,0,0
2020/10/16,11:10:26,3.962500,0,0.000000,0.000000,18,3,0,0,0,0,0,0,0,0,0,0
2020/10/16,11:10:36,3.961250,0,0.000000,0.000000,72,17,0,0,0,0,0,0,0,0,0,0
2020/10/16,11:10:46,3.960000,0,0.000000,0.000000,60,16,0,0,0,0,0,0,0,0,0,0
2020/10/16,11:10:56,3.960000,0,0.000000,0.000000,18,6,0,0,0,0,0,0,0,0,0,0
2020/10/16,11:11:16,3.960000,0,0.000000,0.000000,57,19,11,0,0,0,0,0,0,0,0,0
2020/10/16,11:11:26,3.961250,0,0.000000,0.000000,30,10,3,0,0,0,0,0,0,0,0,0
2020/10/16,11:11:36,3.962500,0,0.000000,0.000000,78,26,3,0,0,0,0,0,0,0,0,0
2020/10/16,11:11:46,3.962500,0,0.000000,0.000000,48,16,0,0,0,0,0,0,0,0,0,0
2020/10/16,11:11:56,3.962500,0,0.000000,0.000000,48,16,3,0,0,0,0,0,0,0,0,0
2020/10/16,11:12:16,3.960000,0,0.000000,0.000000,60,20,0,0,0,0,0,0,0,0,0,0
2020/10/16,11:12:26,3.958750,0,0.000000,0.000000,90,30,3,0,0,0,0,0,0,0,0,0
2020/10/16,11:12:36,3.957500,0,0.000000,0.000000,84,28,3,0,0,0,0,0,0,0,0,0
2020/10/16,11:12:46,3.958750,0,0.000000,0.000000,42,11,0,0,0,0,0,0,0,0,0,0
2020/10/16,11:12:56,3.960000,0,0.000000,0.000000,18,0,0,0,0,0,0,0,0,0,0,0
2020/10/16,11:13:16,3.962500,0,0.000000,0.000000,48,13,0,0,0,0,0,0,0,0,0,0
2020/10/16,11:13:26,3.961250,0,0.000000,0.000000,27,6,0,0,0,0,0,0,0,0,0,0
2020/10/16,11:13:36,3.961250,0,0.000000,0.000000,45,12,0,0,0,0,0,0,0,0,0,0
2020/10/16,11:13:46,3.962500,0,0.000000,0.000000,51,17,3,3,0,0,0,0,0,0,0,0
2020/10/16,11:13:56,3.962500,0,0.000000,0.000000,105,32,0,0,0,0,0,0,0,0,0,0
2020/10/16,11:14:16,3.957500,0,0.000000,0.000000,69,23,0,0,0,0,0,0,0,0,0,0
2020/10/16,11:14:26,3.958750,0,0.000000,0.000000,72,24,3,3,3,3,0,0,1,0,0,1
2020/10/16,11:14:36,3.960000,0,0.000000,0.000000,135,41,3,3,3,3,0,0,2,0,0,2
2020/10/16,11:14:46,3.961250,0,0.000000,0.000000,96,24,3,0,0,0,0,0,0,0,0,0
2020/10/16,11:14:56,3.961250,0,0.000000,0.000000,60,16,3,0,0,0,0,0,0,0,0,0
2020/10/16,11:15:16,3.960000,0,0.000000,0.000000,18,6,0,0,0,0,0,0,0,0,0,0
2020/10/16,11:15:26,3.960000,0,0.000000,0.000000,51,17,3,0,0,0,0,0,0,0,0,0
2020/10/16,11:15:36,3.960000,0,0.000000,0.000000,30,10,3,0,0,0,0,0,0,0,0,0
2020/10/16,11:15:46,3.960000,0,0.000000,0.000000,30,7,0,0,0,0,0,0,0,0,0,0
2020/10/16,11:15:56,3.958750,0,0.000000,0.000000,51,17,0,0,0,0,0,0,0,0,0,0
2020/10/16,11:16:16,3.960000,0,0.000000,0.000000,69,23,0,0,0,0,0,0,0,0,0,0
2020/10/16,11:16:26,3.960000,0,0.000000,0.000000,57,19,3,0,0,0,0,0,0,0,0,0
2020/10/16,11:16:36,3.960000,0,0.000000,0.000000,48,16,3,0,0,0,0,0,0,0,0,0
2020/10/16,11:16:46,3.960000,0,0.000000,0.000000,42,14,0,0,0,0,0,0,0,0,0,0
2020/10/16,11:16:56,3.960000,0,0.000000,0.000000,72,24,3,0,0,0,0,0,0,0,0,0
2020/10/16,11:17:16,3.960000,0,0.000000,0.000000,48,13,0,0,0,0,0,0,0,0,0,0
2020/10/16,11:17:26,3.958750,0,0.000000,0.000000,93,25,0,0,0,0,0,0,0,0,0,0
2020/10/16,11:17:36,3.957500,0,0.000000,0.000000,75,25,0,0,0,0,0,0,0,0,0,0
2020/10/16,11:17:46,3.956250,0,0.000000,0.000000,39,13,0,0,0,0,0,0,0,0,0,0
2020/10/16,11:17:56,3.955000,0,0.000000,0.000000,69,23,0,0,0,0,0,0,0,0,0,0
2020/10/16,11:18:16,3.960000,0,0.000000,0.000000,42,14,0,0,0,0,0,0,0,0,0,0
2020/10/16,11:18:26,3.960000,0,0.000000,0.000000,18,6,0,0,0,0,0,0,0,0,0,0
2020/10/16,11:18:36,3.958750,0,0.000000,0.000000,93,27,0,0,0,0,0,0,0,0,0,0
2020/10/16,11:18:46,3.958750,0,0.000000,0.000000,57,15,0,0,0,0,0,0,0,0,0,0
2020/10/16,11:18:56,3.957500,0,0.000000,0.000000,9,3,0,0,0,0,0,0,0,0,0,0
2020/10/16,11:19:16,3.956250,0,0.000000,0.000000,51,17,0,0,0,0,0,0,0,0,0,0
2020/10/16,11:19:26,3.955000,0,0.000000,0.000000,21,7,0,0,0,0,0,0,0,0,0,0
2020/10/16,11:19:36,3.955000,0,0.000000,0.000000,60,20,0,0,0,0,0,0,0,0,0,0
2020/10/16,11:19:46,3.955000,0,0.000000,0.000000,78,26,0,0,0,0,0,0,0,0,0,0
2020/10/16,11:19:56,3.955000,0,0.000000,0.000000,75,25,0,0,0,0,0,0,0,0,0,0
2020/10/16,11:20:16,3.957500,0,0.000000,0.000000,81,21,0,0,0,0,0,0,0,0,0,0
2020/10/16,11:20:26,3.957500,0,0.000000,0.000000,51,14,0,0,0,0,0,0,0,0,0,0
2020/10/16,11:20:36,3.956250,0,0.000000,0.000000,18,6,0,0,0,0,0,0,0,0,0,0
2020/10/16,11:20:46,3.956250,0,0.000000,0.000000,21,7,0,0,0,0,0,0,0,0,0,0
2020/10/16,11:20:56,3.955000,0,0.000000,0.000000,48,16,0,0,0,0,0,0,0,0,0,0
2020/10/16,11:21:16,3.953750,0,0.000000,0.000000,51,14,0,0,0,0,0,0,0,0,0,0
2020/10/16,11:21:26,3.955000,0,0.000000,0.000000,72,18,0,0,0,0,0,0,0,0,0,0
2020/10/16,11:21:36,3.955000,0,0.000000,0.000000,39,10,0,0,0,0,0,0,0,0,0,0
2020/10/16,11:21:46,3.957500,0,0.000000,0.000000,42,14,7,3,3,3,0,0,1,0,0,1
2020/10/16,11:21:56,3.957500,0,0.000000,0.000000,72,24,0,0,0,0,0,0,0,0,0,0
2020/10/16,11:22:16,3.955000,0,0.000000,0.000000,111,25,0,0,0,0,0,0,0,0,0,0
2020/10/16,11:22:26,3.955000,0,0.000000,0.000000,120,28,0,0,0,0,0,0,0,0,0,0
2020/10/16,11:22:36,3.953750,0,0.000000,0.000000,72,24,0,0,0,0,0,0,0,0,0,0
2020/10/16,11:22:46,3.952500,0,0.000000,0.000000,60,20,0,0,0,0,0,0,0,0,0,0
2020/10/16,11:22:56,3.955000,0,0.000000,0.000000,42,14,0,0,0,0,0,0,0,0,0,0
2020/10/16,11:23:16,3.955000,0,0.000000,0.000000,45,15,0,0,0,0,0,0,0,0,0,0
2020/10/16,11:23:26,3.955000,0,0.000000,0.000000,27,9,0,0,0,0,0,0,0,0,0,0
2020/10/16,11:23:36,3.957500,0,0.000000,0.000000,9,3,0,0,0,0,0,0,0,0,0,0
2020/10/16,11:23:46,3.956250,0,0.000000,0.000000,27,9,0,0,0,0,0,0,0,0,0,0
2020/10/16,11:23:56,3.956250,0,0.000000,0.000000,27,9,0,0,0,0,0,0,0,0,0,0
2020/10/16,11:24:16,3.952500,0,0.000000,0.000000,72,16,0,0,0,0,0,0,0,0,0,0
2020/10/16,11:24:26,3.952500,0,0.000000,0.000000,114,30,3,0,0,0,0,0,0,0,0,0
2020/10/16,11:24:36,3.952500,0,0.000000,0.000000,54,18,3,0,0,0,0,0,0,0,0,0
2020/10/16,11:24:46,3.955000,0,0.000000,0.000000,45,15,0,0,0,0,0,0,0,0,0,0
2020/10/16,11:24:56,3.955000,0,0.000000,0.000000,63,21,0,0,0,0,0,0,0,0,0,0
2020/10/16,11:25:16,3.955000,0,0.000000,0.000000,36,12,3,0,0,0,0,0,0,0,0,0
2020/10/16,11:25:26,3.955000,0,0.000000,0.000000,72,24,3,0,0,0,0,0,0,0,0,0
2020/10/16,11:25:36,3.955000,0,0.000000,0.000000,186,59,23,11,11,11,0,0,10,0,0,10
2020/10/16,11:25:46,3.952500,0,0.000000,0.000000,129,43,0,0,0,0,0,0,0,0,0,0
2020/10/16,11:25:56,3.951250,0,0.000000,0.000000,84,28,0,0,0,0,0,0,0,0,0,0
2020/10/16,11:26:16,3.955000,0,0.000000,0.000000,18,6,0,0,0,0,0,0,0,0,0,0
2020/10/16,11:26:26,3.955000,0,0.000000,0.000000,9,3,0,0,0,0,0,0,0,0,0,0
2020/10/16,11:26:36,3.953750,0,0.000000,0.000000,27,9,0,0,0,0,0,0,0,0,0,0
2020/10/16,11:26:46,3.955000,0,0.000000,0.000000,81,27,3,0,0,0,0,0,0,0,0,0
2020/10/16,11:26:56,3.953750,0,0.000000,0.000000,54,18,0,0,0,0,0,0,0,0,0,0
2020/10/16,11:27:16,3.952500,0,0.000000,0.000000,30,10,0,0,0,0,0,0,0,0,0,0
2020/10/16,11:27:26,3.950000,0,0.000000,0.000000,30,10,0,0,0,0,0,0,0,0,0,0
2020/10/16,11:27:36,3.950000,0,0.000000,0.000000,48,13,0,0,0,0,0,0,0,0,0,0
2020/10/16,11:27:46,3.950000,0,0.000000,0.000000,39,13,0,0,0,0,0,0,0,0,0,0
2020/10/16,11:27:56,3.952500,0,0.000000,0.000000,60,20,0,0,0,0,0,0,0,0,0,0
2020/10/16,11:28:16,3.953750,0,0.000000,0.000000,42,14,0,0,0,0,0,0,0,0,0,0
2020/10/16,11:28:26,3.952500,0,0.000000,0.000000,42,14,0,0,0,0,0,0,0,0,0,0
2020/10/16,11:28:36,3.952500,0,0.000000,0.000000,48,13,0,0,0,0,0,0,0,0,0,0
2020/10/16,11:28:46,3.951250,0,0.000000,0.000000,60,13,0,0,0,0,0,0,0,0,0,0
2020/10/16,11:28:56,3.950000,0,0.000000,0.000000,93,27,3,0,0,0,0,0,0,0,0,0
2020/10/16,11:29:16,3.950000,0,0.000000,0.000000,48,16,0,0,0,0,0,0,0,0,0,0
2020/10/16,11:29:26,3.950000,0,0.000000,0.000000,21,7,0,0,0,0,0,0,0,0,0,0
2020/10/16,11:29:36,3.952500,0,0.000000,0.000000,21,7,0,0,0,0,0,0,0,0,0,0
2020/10/16,11:29:46,3.952500,0,0.000000,0.000000,9,3,0,0,0,0,0,0,0,0,0,0
2020/10/16,11:29:56,3.952500,0,0.000000,0.000000,69,20,0,0,0,0,0,0,0,0,0,0
2020/10/16,11:30:16,3.950000,0,0.000000,0.000000,57,15,0,0,0,0,0,0,0,0,0,0
2020/10/16,11:30:26,3.950000,0,0.000000,0.000000,81,23,0,0,0,0,0,0,0,0,0,0
2020/10/16,11:30:36,3.948750,0,0.000000,0.000000,18,6,0,0,0,0,0,0,0,0,0,0
2020/10/16,11:30:46,3.948750,0,0.000000,0.000000,39,13,3,0,0,0,0,0,0,0,0,0
2020/10/16,11:30:56,3.950000,0,0.000000,0.000000,18,6,0,0,0,0,0,0,0,0,0,0
2020/10/16,11:31:16,3.950000,0,0.000000,0.000000,36,9,0,0,0,0,0,0,0,0,0,0
2020/10/16,11:31:26,3.951250,0,0.000000,0.000000,18,3,0,0,0,0,0,0,0,0,0,0
2020/10/16,11:31:36,3.952500,0,0.000000,0.000000,18,3,0,0,0,0,0,0,0,0,0,0
2020/10/16,11:31:46,3.952500,0,0.000000,0.000000,9,3,0,0,0,0,0,0,0,0,0,0
2020/10/16,11:31:56,3.952500,0,0.000000,0.000000,9,3,0,0,0,0,0,0,0,0,0,0
2020/10/16,11:32:16,3.947500,0,0.000000,0.000000,117,31,0,0,0,0,0,0,0,0,0,0
2020/10/16,11:32:26,3.947500,0,0.000000,0.000000,39,9,0,0,0,0,0,0,0,0,0,0
2020/10/16,11:32:36,3.950000,0,0.000000,0.000000,18,6,0,0,0,0,0,0,0,0,0,0
2020/10/16,11:32:46,3.950000,0,0.000000,0.000000,18,6,0,0,0,0,0,0,0,0,0,0
2020/10/16,11:32:56,3.951250,0,0.000000,0.000000,60,16,0,0,0,0,0,0,0,0,0,0
2020/10/16,11:33:16,3.951250,0,0.000000,0.000000,105,35,0,0,0,0,0,0,0,0,0,0
2020/10/16,11:33:26,3.950000,0,0.000000,0.000000,63,21,0,0,0,0,0,0,0,0,0,0
2020/10/16,11:33:36,3.951250,0,0.000000,0.000000,21,7,0,0,0,0,0,0,0,0,0,0
2020/10/16,11:33:46,3.951250,0,0.000000,0.000000,39,13,0,0,0,0,0,0,0,0,0,0
2020/10/16,11:33:56,3.947500,0,0.000000,0.000000,39,13,0,0,0,0,0,0,0,0,0,0
2020/10/16,11:34:16,3.948750,0,0.000000,0.000000,81,27,0,0,0,0,0,0,0,0,0,0
2020/10/16,11:34:26,3.950000,0,0.000000,0.000000,39,13,0,0,0,0,0,0,0,0,0,0
2020/10/16,11:34:36,3.950000,0,0.000000,0.000000,27,9,0,0,0,0,0,0,0,0,0,0
2020/10/16,11:34:46,3.950000,0,0.000000,0.000000,69,15,0,0,0,0,0,0,0,0,0,0
2020/10/16,11:34:56,3.950000,0,0.000000,0.000000,51,9,0,0,0,0,0,0,0,0,0,0
2020/10/16,11:35:16,3.950000,0,0.000000,0.000000,36,12,3,3,3,3,0,0,1,0,0,1
2020/10/16,11:35:26,3.950000,0,0.000000,0.000000,48,16,3,3,3,3,0,0,1,0,0,1
2020/10/16,11:35:36,3.948750,0,0.000000,0.000000,51,13,0,0,0,0,0,0,0,0,0,0
2020/10/16,11:35:46,3.947500,0,0.000000,0.000000,39,9,0,0,0,0,0,0,0,0,0,0
2020/10/16,11:35:56,3.945000,0,0.000000,0.000000,21,7,0,0,0,0,0,0,0,0,0,0
2020/10/16,11:36:16,3.950000,0,0.000000,0.000000,105,35,0,0,0,0,0,0,0,0,0,0
2020/10/16,11:36:26,3.948750,0,0.000000,0.000000,141,47,0,0,0,0,0,0,0,0,0,0
2020/10/16,11:36:36,3.948750,0,0.000000,0.000000,84,28,0,0,0,0,0,0,0,0,0,0
2020/10/16,11:36:46,3.950000,0,0.000000,0.000000,21,7,0,0,0,0,0,0,0,0,0,0
2020/10/16,11:36:56,3.950000,0,0.000000,0.000000,57,19,0,0,0,0,0,0,0,0,0,0
2020/10/16,11:37:16,3.947500,0,0.000000,0.000000,60,16,0,0,0,0,0,0,0,0,0,0
2020/10/16,11:37:26,3.945000,0,0.000000,0.000000,39,9,0,0,0,0,0,0,0,0,0,0
2020/10/16,11:37:36,3.945000,0,0.000000,0.000000,9,3,0,0,0,0,0,0,0,0,0,0
2020/10/16,11:37:46,3.945000,0,0.000000,0.000000,0,0,0,0,0,0,0,0,0,0,0,0
2020/10/16,11:37:56,3.946250,0,0.000000,0.000000,66,22,3,0,0,0,0,0,0,0,0,0
2020/10/16,11:38:16,3.947500,0,0.000000,0.000000,69,23,0,0,0,0,0,0,0,0,0,0
2020/10/16,11:38:26,3.947500,0,0.000000,0.000000,30,10,0,0,0,0,0,0,0,0,0,0
2020/10/16,11:38:36,3.947500,0,0.000000,0.000000,0,0,0,0,0,0,0,0,0,0,0,0
2020/10/16,11:38:46,3.947500,0,0.000000,0.000000,0,0,0,0,0,0,0,0,0,0,0,0
2020/10/16,11:38:56,3.946250,0,0.000000,0.000000,30,10,0,0,0,0,0,0,0,0,0,0
2020/10/16,11:39:16,3.943750,0,0.000000,0.000000,30,10,0,0,0,0,0,0,0,0,0,0
2020/10/16,11:39:26,3.943750,0,0.000000,0.000000,9,3,0,0,0,0,0,0,0,0,0,0
2020/10/16,11:39:36,3.946250,0,0.000000,0.000000,27,6,0,0,0,0,0,0,0,0,0,0
2020/10/16,11:39:46,3.947500,0,0.000000,0.000000,39,6,3,0,0,0,0,0,0,0,0,0
2020/10/16,11:39:56,3.947500,0,0.000000,0.000000,21,3,3,0,0,0,0,0,0,0,0,0
2020/10/16,11:40:16,3.946250,0,0.000000,0.000000,39,13,0,0,0,0,0,0,0,0,0,0
2020/10/16,11:40:26,3.945000,0,0.000000,0.000000,18,3,0,0,0,0,0,0,0,0,0,0
2020/10/16,11:40:36,3.945000,0,0.000000,0.000000,39,10,0,0,0,0,0,0,0,0,0,0
2020/10/16,11:40:46,3.943750,0,0.000000,0.000000,48,16,0,0,0,0,0,0,0,0,0,0
2020/10/16,11:40:56,3.942500,0,0.000000,0.000000,57,12,0,0,0,0,0,0,0,0,0,0
2020/10/16,11:41:16,3.945000,0,0.000000,0.000000,81,23,0,0,0,0,0,0,0,0,0,0
2020/10/16,11:41:26,3.946250,0,0.000000,0.000000,30,10,0,0,0,0,0,0,0,0,0,0
2020/10/16,11:41:36,3.947500,0,0.000000,0.000000,81,27,0,0,0,0,0,0,0,0,0,0
2020/10/16,11:41:46,3.946250,0,0.000000,0.000000,51,17,0,0,0,0,0,0,0,0,0,0
2020/10/16,11:41:56,3.947500,0,0.000000,0.000000,21,7,0,0,0,0,0,0,0,0,0,0
2020/10/16,11:42:16,3.942500,0,0.000000,0.000000,42,14,0,0,0,0,0,0,0,0,0,0
2020/10/16,11:42:26,3.942500,0,0.000000,0.000000,120,40,3,0,0,0,0,0,0,0,0,0
2020/10/16,11:42:36,3.943750,0,0.000000,0.000000,84,28,3,0,0,0,0,0,0,0,0,0
2020/10/16,11:42:46,3.943750,0,0.000000,0.000000,51,17,0,0,0,0,0,0,0,0,0,0
2020/10/16,11:42:56,3.945000,0,0.000000,0.000000,9,3,0,0,0,0,0,0,0,0,0,0
2020/10/16,11:43:16,3.945000,0,0.000000,0.000000,30,7,0,0,0,0,0,0,0,0,0,0
2020/10/16,11:43:26,3.946250,0,0.000000,0.000000,0,0,0,0,0,0,0,0,0,0,0,0
2020/10/16,11:43:36,3.945000,0,0.000000,0.000000,51,14,0,0,0,0,0,0,0,0,0,0
2020/10/16,11:43:46,3.945000,0,0.000000,0.000000,69,20,0,0,0,0,0,0,0,0,0,0
2020/10/16,11:43:56,3.942500,0,0.000000,0.000000,102,34,0,0,0,0,0,0,0,0,0,0
2020/10/16,11:44:16,3.942500,0,0.000000,0.000000,72,20,0,0,0,0,0,0,0,0,0,0
2020/10/16,11:44:26,3.942500,0,0.000000,0.000000,96,28,0,0,0,0,0,0,0,0,0,0
2020/10/16,11:44:36,3.945000,0,0.000000,0.000000,33,11,3,0,0,0,0,0,0,0,0,0
2020/10/16,11:44:46,3.945000,0,0.000000,0.000000,42,14,3,0,0,0,0,0,0,0,0,0
2020/10/16,11:44:56,3.945000,0,0.000000,0.000000,9,3,0,0,0,0,0,0,0,0,0,0
2020/10/16,11:45:16,3.945000,0,0.000000,0.000000,18,3,0,0,0,0,0,0,0,0,0,0
2020/10/16,11:45:26,3.945000,0,0.000000,0.000000,27,6,0,0,0,0,0,0,0,0,0,0
2020/10/16,11:45:36,3.943750,0,0.000000,0.000000,63,18,0,0,0,0,0,0,0,0,0,0
2020/10/16,11:45:46,3.942500,0,0.000000,0.000000,63,21,0,0,0,0,0,0,0,0,0,0
2020/10/16,11:45:56,3.942500,0,0.000000,0.000000,27,6,0,0,0,0,0,0,0,0,0,0
2020/10/16,11:46:16,3.943750,0,0.000000,0.000000,72,20,0,0,0,0,0,0,0,0,0,0
2020/10/16,11:46:26,3.943750,0,0.000000,0.000000,27,9,0,0,0,0,0,0,0,0,0,0
2020/10/16,11:46:36,3.945000,0,0.000000,0.000000,18,6,0,0,0,0,0,0,0,0,0,0
2020/10/16,11:46:46,3.945000,0,0.000000,0.000000,27,9,3,0,0,0,0,0,0,0,0,0
2020/10/16,11:46:56,3.943750,0,0.000000,0.000000,87,29,3,0,0,0,0,0,0,0,0,0
2020/10/16,11:47:16,3.942500,0,0.000000,0.000000,69,23,0,0,0,0,0,0,0,0,0,0
2020/10/16,11:47:26,3.940000,0,0.000000,0.000000,30,10,0,0,0,0,0,0,0,0,0,0
2020/10/16,11:47:36,3.940000,0,0.000000,0.000000,18,6,0,0,0,0,0,0,0,0,0,0
2020/10/16,11:47:46,3.940000,0,0.000000,0.000000,51,17,0,0,0,0,0,0,0,0,0,0
2020/10/16,11:47:56,3.942500,0,0.000000,0.000000,33,11,0,0,0,0,0,0,0,0,0,0
2020/10/16,11:48:16,3.942500,0,0.000000,0.000000,72,24,0,0,0,0,0,0,0,0,0,0
2020/10/16,11:48:26,3.942500,0,0.000000,0.000000,156,49,10,10,10,10,0,0,8,0,0,8
2020/10/16,11:48:36,3.942500,0,0.000000,0.000000,93,28,7,7,7,7,0,0,5,0,0,5
2020/10/16,11:48:46,3.942500,0,0.000000,0.000000,63,21,0,0,0,0,0,0,0,0,0,0
2020/10/16,11:48:56,3.940000,0,0.000000,0.000000,18,6,3,3,3,3,0,0,1,0,0,1
2020/10/16,11:49:16,3.938750,0,0.000000,0.000000,9,3,0,0,0,0,0,0,0,0,0,0
2020/10/16,11:49:26,3.938750,0,0.000000,0.000000,42,10,0,0,0,0,0,0,0,0,0,0
2020/10/16,11:49:36,3.940000,0,0.000000,0.000000,0,0,0,0,0,0,0,0,0,0,0,0
2020/10/16,11:49:46,3.941250,0,0.000000,0.000000,30,10,0,0,0,0,0,0,0,0,0,0
2020/10/16,11:49:56,3.942500,0,0.000000,0.000000,57,19,0,0,0,0,0,0,0,0,0,0
2020/10/16,11:50:16,3.942500,0,0.000000,0.000000,30,7,0,0,0,0,0,0,0,0,0,0
2020/10/16,11:50:26,3.940000,0,0.000000,0.000000,90,27,0,0,0,0,0,0,0,0,0,0
2020/10/16,11:50:36,3.940000,0,0.000000,0.000000,84,28,3,3,3,3,0,0,2,0,0,2
2020/10/16,11:50:46,3.937500,0,0.000000,0.000000,30,10,0,0,0,0,0,0,0,0,0,0
2020/10/16,11:50:56,3.937500,0,0.000000,0.000000,0,0,0,0,0,0,0,0,0,0,0,0
2020/10/16,11:51:16,3.940000,0,0.000000,0.000000,18,6,0,0,0,0,0,0,0,0,0,0
2020/10/16,11:51:26,3.940000,0,0.000000,0.000000,30,7,0,0,0,0,0,0,0,0,0,0
2020/10/16,11:51:36,3.941250,0,0.000000,0.000000,60,17,0,0,0,0,0,0,0,0,0,0
2020/10/16,11:51:46,3.941250,0,0.000000,0.000000,21,7,0,0,0,0,0,0,0,0,0,0
2020/10/16,11:51:56,3.940000,0,0.000000,0.000000,21,7,0,0,0,0,0,0,0,0,0,0
2020/10/16,11:52:16,3.937500,0,0.000000,0.000000,21,7,0,0,0,0,0,0,0,0,0,0
2020/10/16,11:52:26,3.937500,0,0.000000,0.000000,21,7,0,0,0,0,0,0,0,0,0,0
2020/10/16,11:52:36,3.937500,0,0.000000,0.000000,30,10,0,0,0,0,0,0,0,0,0,0
2020/10/16,11:52:46,3.937500,0,0.000000,0.000000,42,14,0,0,0,0,0,0,0,0,0,0
2020/10/16,11:52:56,3.940000,0,0.000000,0.000000,42,14,0,0,0,0,0,0,0,0,0,0
2020/10/16,11:53:16,3.940000,0,0.000000,0.000000,96,32,0,0,0,0,0,0,0,0,0,0
2020/10/16,11:53:26,3.940000,0,0.000000,0.000000,54,18,0,0,0,0,0,0,0,0,0,0
2020/10/16,11:53:36,3.940000,0,0.000000,0.000000,0,0,0,0,0,0,0,0,0,0,0,0
2020/10/16,11:53:46,3.937500,0,0.000000,0.000000,63,21,0,0,0,0,0,0,0,0,0,0
2020/10/16,11:53:56,3.937500,0,0.000000,0.000000,60,20,0,0,0,0,0,0,0,0,0,0
2020/10/16,11:54:16,3.936250,0,0.000000,0.000000,60,17,0,0,0,0,0,0,0,0,0,0
2020/10/16,11:54:26,3.937500,0,0.000000,0.000000,18,3,0,0,0,0,0,0,0,0,0,0
2020/10/16,11:54:36,3.940000,0,0.000000,0.000000,63,18,0,0,0,0,0,0,0,0,0,0
2020/10/16,11:54:46,3.940000,0,0.000000,0.000000,18,6,0,0,0,0,0,0,0,0,0,0
2020/10/16,11:54:56,3.940000,0,0.000000,0.000000,18,6,0,0,0,0,0,0,0,0,0,0
2020/10/16,11:55:16,3.938750,0,0.000000,0.000000,48,16,0,0,0,0,0,0,0,0,0,0
2020/10/16,11:55:26,3.938750,0,0.000000,0.000000,18,6,0,0,0,0,0,0,0,0,0,0
2020/10/16,11:55:36,3.940000,0,0.000000,0.000000,18,6,0,0,0,0,0,0,0,0,0,0
2020/10/16,11:55:46,3.935000,0,0.000000,0.000000,30,10,0,0,0,0,0,0,0,0,0,0
2020/10/16,11:55:56,3.936250,0,0.000000,0.000000,9,0,0,0,0,0,0,0,0,0,0,0
2020/10/16,11:56:16,3.937500,0,0.000000,0.000000,39,13,0,0,0,0,0,0,0,0,0,0
2020/10/16,11:56:26,3.938750,0,0.000000,0.000000,9,3,0,0,0,0,0,0,0,0,0,0
2020/10/16,11:56:36,3.938750,0,0.000000,0.000000,18,6,0,0,0,0,0,0,0,0,0,0
2020/10/16,11:56:46,3.938750,0,0.000000,0.000000,18,3,0,0,0,0,0,0,0,0,0,0
2020/10/16,11:56:56,3.937500,0,0.000000,0.000000,27,6,0,0,0,0,0,0,0,0,0,0
2020/10/16,11:57:16,3.937500,0,0.000000,0.000000,21,7,0,0,0,0,0,0,0,0,0,0
2020/10/16,11:57:26,3.937500,0,0.000000,0.000000,30,10,0,0,0,0,0,0,0,0,0,0
2020/10/16,11:57:36,3.935000,0,0.000000,0.000000,0,0,0,0,0,0,0,0,0,0,0,0
2020/10/16,11:57:46,3.937500,0,0.000000,0.000000,27,6,0,0,0,0,0,0,0,0,0,0
2020/10/16,11:57:56,3.937500,0,0.000000,0.000000,27,6,0,0,0,0,0,0,0,0,0,0
2020/10/16,11:58:16,3.937500,0,0.000000,0.000000,96,32,0,0,0,0,0,0,0,0,0,0
2020/10/16,11:58:26,3.937500,0,0.000000,0.000000,54,18,0,0,0,0,0,0,0,0,0,0
2020/10/16,11:58:36,3.937500,0,0.000000,0.000000,9,3,0,0,0,0,0,0,0,0,0,0
2020/10/16,11:58:46,3.937500,0,0.000000,0.000000,9,3,0,0,0,0,0,0,0,0,0,0
2020/10/16,11:58:56,3.936250,0,0.000000,0.000000,51,14,0,0,0,0,0,0,0,0,0,0
2020/10/16,11:59:16,3.935000,0,0.000000,0.000000,30,10,0,0,0,0,0,0,0,0,0,0
2020/10/16,11:59:26,3.933750,0,0.000000,0.000000,30,10,0,0,0,0,0,0,0,0,0,0
2020/10/16,11:59:36,3.933750,0,0.000000,0.000000,39,13,0,0,0,0,0,0,0,0,0,0
2020/10/16,11:59:46,3.937500,0,0.000000,0.000000,0,0,0,0,0,0,0,0,0,0,0,0
2020/10/16,11:59:56,3.937500,0,0.000000,0.000000,9,3,0,0,0,0,0,0,0,0,0,0
2020/10/16,12:0:16,3.937500,0,0.000000,0.000000,36,12,0,0,0,0,0,0,0,0,0,0
2020/10/16,12:0:26,3.936250,0,0.000000,0.000000,18,6,0,0,0,0,0,0,0,0,0,0
2020/10/16,12:0:36,3.935000,0,0.000000,0.000000,9,3,0,0,0,0,0,0,0,0,0,0
2020/10/16,12:0:46,3.935000,0,0.000000,0.000000,39,13,0,0,0,0,0,0,0,0,0,0
2020/10/16,12:0:56,3.932500,0,0.000000,0.000000,30,10,0,0,0,0,0,0,0,0,0,0
2020/10/16,12:1:16,3.932500,0,0.000000,0.000000,0,0,0,0,0,0,0,0,0,0,0,0
2020/10/16,12:1:26,3.935000,0,0.000000,0.000000,63,21,0,0,0,0,0,0,0,0,0,0
2020/10/16,12:1:36,3.935000,0,0.000000,0.000000,36,12,0,0,0,0,0,0,0,0,0,0
2020/10/16,12:1:46,3.936250,0,0.000000,0.000000,72,20,0,0,0,0,0,0,0,0,0,0
2020/10/16,12:1:56,3.936250,0,0.000000,0.000000,117,35,3,0,0,0,0,0,0,0,0,0
2020/10/16,12:2:16,3.932500,0,0.000000,0.000000,0,0,0,0,0,0,0,0,0,0,0,0
2020/10/16,12:2:26,3.932500,0,0.000000,0.000000,39,13,0,0,0,0,0,0,0,0,0,0
2020/10/16,12:2:36,3.932500,0,0.000000,0.000000,84,28,0,0,0,0,0,0,0,0,0,0
2020/10/16,12:2:46,3.932500,0,0.000000,0.000000,54,18,0,0,0,0,0,0,0,0,0,0
2020/10/16,12:2:56,3.932500,0,0.000000,0.000000,39,10,0,0,0,0,0,0,0,0,0,0
2020/10/16,12:3:16,3.935000,0,0.000000,0.000000,51,17,0,0,0,0,0,0,0,0,0,0
2020/10/16,12:3:26,3.935000,0,0.000000,0.000000,27,9,0,0,0,0,0,0,0,0,0,0
2020/10/16,12:3:36,3.935000,0,0.000000,0.000000,27,9,0,0,0,0,0,0,0,0,0,0
2020/10/16,12:3:46,3.933750,0,0.000000,0.000000,39,9,0,0,0,0,0,0,0,0,0,0
2020/10/16,12:3:56,3.932500,0,0.000000,0.000000,42,10,0,0,0,0,0,0,0,0,0,0
2020/10/16,12:4:16,3.931250,0,0.000000,0.000000,18,6,0,0,0,0,0,0,0,0,0,0
2020/10/16,12:4:26,3.931250,0,0.000000,0.000000,18,6,0,0,0,0,0,0,0,0,0,0
2020/10/16,12:4:36,3.932500,0,0.000000,0.000000,21,3,0,0,0,0,0,0,0,0,0,0
2020/10/16,12:4:46,3.933750,0,0.000000,0.000000,66,18,0,0,0,0,0,0,0,0,0,0
2020/10/16,12:4:56,3.935000,0,0.000000,0.000000,30,10,0,0,0,0,0,0,0,0,0,0
2020/10/16,12:5:16,3.933750,0,0.000000,0.000000,33,11,0,0,0,0,0,0,0,0,0,0
2020/10/16,12:5:26,3.935000,0,0.000000,0.000000,18,6,0,0,0,0,0,0,0,0,0,0
2020/10/16,12:5:36,3.931250,0,0.000000,0.000000,9,3,0,0,0,0,0,0,0,0,0,0
2020/10/16,12:5:46,3.930000,0,0.000000,0.000000,51,13,0,0,0,0,0,0,0,0,0,0
2020/10/16,12:5:56,3.930000,0,0.000000,0.000000,30,6,0,0,0,0,0,0,0,0,0,0
2020/10/16,12:6:16,3.932500,0,0.000000,0.000000,102,31,0,0,0,0,0,0,0,0,0,0
2020/10/16,12:6:26,3.932500,0,0.000000,0.000000,51,14,3,0,0,0,0,0,0,0,0,0
2020/10/16,12:6:36,3.933750,0,0.000000,0.000000,0,0,0,0,0,0,0,0,0,0,0,0
2020/10/16,12:6:46,3.932500,0,0.000000,0.000000,0,0,0,0,0,0,0,0,0,0,0,0
2020/10/16,12:6:56,3.932500,0,0.000000,0.000000,0,0,0,0,0,0,0,0,0,0,0,0
2020/10/16,12:7:16,3.932500,0,0.000000,0.000000,36,12,0,0,0,0,0,0,0,0,0,0
2020/10/16,12:7:26,3.932500,0,0.000000,0.000000,84,28,0,0,0,0,0,0,0,0,0,0
2020/10/16,12:7:36,3.930000,0,0.000000,0.000000,108,32,3,0,0,0,0,0,0,0,0,0
2020/10/16,12:7:46,3.931250,0,0.000000,0.000000,27,9,3,0,0,0,0,0,0,0,0,0
2020/10/16,12:7:56,3.932500,0,0.000000,0.000000,39,13,0,0,0,0,0,0,0,0,0,0
2020/10/16,12:8:16,3.932500,0,0.000000,0.000000,39,10,0,0,0,0,0,0,0,0,0,0
2020/10/16,12:8:26,3.931250,0,0.000000,0.000000,30,10,0,0,0,0,0,0,0,0,0,0
2020/10/16,12:8:36,3.932500,0,0.000000,0.000000,21,7,0,0,0,0,0,0,0,0,0,0
2020/10/16,12:8:46,3.932500,0,0.000000,0.000000,21,7,0,0,0,0,0,0,0,0,0,0
2020/10/16,12:8:56,3.932500,0,0.000000,0.000000,18,6,0,0,0,0,0,0,0,0,0,0
2020/10/16,12:9:16,3.930000,0,0.000000,0.000000,18,6,0,0,0,0,0,0,0,0,0,0
2020/10/16,12:9:26,3.930000,0,0.000000,0.000000,21,7,0,0,0,0,0,0,0,0,0,0
2020/10/16,12:9:36,3.932500,0,0.000000,0.000000,39,13,0,0,0,0,0,0,0,0,0,0
2020/10/16,12:9:46,3.932500,0,0.000000,0.000000,27,9,0,0,0,0,0,0,0,0,0,0
2020/10/16,12:9:56,3.932500,0,0.000000,0.000000,18,6,0,0,0,0,0,0,0,0,0,0
2020/10/16,12:10:16,3.931250,0,0.000000,0.000000,48,16,0,0,0,0,0,0,0,0,0,0
2020/10/16,12:10:26,3.931250,0,0.000000,0.000000,36,12,0,0,0,0,0,0,0,0,0,0
2020/10/16,12:10:36,3.932500,0,0.000000,0.000000,18,6,0,0,0,0,0,0,0,0,0,0
2020/10/16,12:10:46,3.930000,0,0.000000,0.000000,9,3,0,0,0,0,0,0,0,0,0,0
2020/10/16,12:10:56,3.930000,0,0.000000,0.000000,42,14,0,0,0,0,0,0,0,0,0,0
2020/10/16,12:11:16,3.927500,0,0.000000,0.000000,84,28,0,0,0,0,0,0,0,0,0,0
2020/10/16,12:11:26,3.927500,0,0.000000,0.000000,51,17,0,0,0,0,0,0,0,0,0,0
2020/10/16,12:11:36,3.931250,0,0.000000,0.000000,27,9,0,0,0,0,0,0,0,0,0,0
2020/10/16,12:11:46,3.931250,0,0.000000,0.000000,27,9,0,0,0,0,0,0,0,0,0,0
2020/10/16,12:11:56,3.930000,0,0.000000,0.000000,54,18,0,0,0,0,0,0,0,0,0,0
2020/10/16,12:12:16,3.930000,0,0.000000,0.000000,18,6,0,0,0,0,0,0,0,0,0,0
2020/10/16,12:12:26,3.928750,0,0.000000,0.000000,69,20,0,0,0,0,0,0,0,0,0,0
2020/10/16,12:12:36,3.927500,0,0.000000,0.000000,39,10,0,0,0,0,0,0,0,0,0,0
2020/10/16,12:12:46,3.927500,0,0.000000,0.000000,48,16,0,0,0,0,0,0,0,0,0,0
2020/10/16,12:12:56,3.927500,0,0.000000,0.000000,69,23,0,0,0,0,0,0,0,0,0,0
2020/10/16,12:13:16,3.927500,0,0.000000,0.000000,54,18,0,0,0,0,0,0,0,0,0,0
2020/10/16,12:13:26,3.930000,0,0.000000,0.000000,9,3,0,0,0,0,0,0,0,0,0,0
2020/10/16,12:13:36,3.930000,0,0.000000,0.000000,0,0,0,0,0,0,0,0,0,0,0,0
2020/10/16,12:13:46,3.928750,0,0.000000,0.000000,0,0,0,0,0,0,0,0,0,0,0,0
2020/10/16,12:13:56,3.927500,0,0.000000,0.000000,42,14,0,0,0,0,0,0,0,0,0,0
2020/10/16,12:14:16,3.926250,0,0.000000,0.000000,18,6,0,0,0,0,0,0,0,0,0,0
2020/10/16,12:14:26,3.926250,0,0.000000,0.000000,9,3,0,0,0,0,0,0,0,0,0,0
2020/10/16,12:14:36,3.926250,0,0.000000,0.000000,21,7,0,0,0,0,0,0,0,0,0,0
2020/10/16,12:14:46,3.927500,0,0.000000,0.000000,39,13,0,0,0,0,0,0,0,0,0,0
2020/10/16,12:14:56,3.927500,0,0.000000,0.000000,18,6,0,0,0,0,0,0,0,0,0,0
2020/10/16,12:15:16,3.930000,0,0.000000,0.000000,63,18,0,0,0,0,0,0,0,0,0,0
2020/10/16,12:15:26,3.930000,0,0.000000,0.000000,18,3,0,0,0,0,0,0,0,0,0,0
2020/10/16,12:15:36,3.926250,0,0.000000,0.000000,48,13,0,0,0,0,0,0,0,0,0,0
2020/10/16,12:15:46,3.926250,0,0.000000,0.000000,39,10,0,0,0,0,0,0,0,0,0,0
2020/10/16,12:15:56,3.925000,0,0.000000,0.000000,18,3,0,0,0,0,0,0,0,0,0,0
2020/10/16,12:16:16,3.925000,0,0.000000,0.000000,9,3,0,0,0,0,0,0,0,0,0,0
2020/10/16,12:16:26,3.927500,0,0.000000,0.000000,9,3,0,0,0,0,0,0,0,0,0,0
2020/10/16,12:16:36,3.927500,0,0.000000,0.000000,60,20,0,0,0,0,0,0,0,0,0,0
2020/10/16,12:16:46,3.927500,0,0.000000,0.000000,72,20,0,0,0,0,0,0,0,0,0,0
2020/10/16,12:16:56,3.928750,0,0.000000,0.000000,54,18,0,0,0,0,0,0,0,0,0,0
2020/10/16,12:17:16,3.927500,0,0.000000,0.000000,18,3,0,0,0,0,0,0,0,0,0,0
2020/10/16,12:17:26,3.927500,0,0.000000,0.000000,27,6,0,0,0,0,0,0,0,0,0,0
2020/10/16,12:17:36,3.925000,0,0.000000,0.000000,9,3,0,0,0,0,0,0,0,0,0,0
2020/10/16,12:17:46,3.925000,0,0.000000,0.000000,66,22,0,0,0,0,0,0,0,0,0,0
2020/10/16,12:17:56,3.926250,0,0.000000,0.000000,51,17,0,0,0,0,0,0,0,0,0,0
2020/10/16,12:18:16,3.927500,0,0.000000,0.000000,39,9,0,0,0,0,0,0,0,0,0,0
2020/10/16,12:18:26,3.927500,0,0.000000,0.000000,48,12,0,0,0,0,0,0,0,0,0,0
2020/10/16,12:18:36,3.927500,0,0.000000,0.000000,18,3,0,0,0,0,0,0,0,0,0,0
2020/10/16,12:18:46,3.927500,0,0.000000,0.000000,30,7,0,0,0,0,0,0,0,0,0,0
2020/10/16,12:18:56,3.927500,0,0.000000,0.000000,84,28,0,0,0,0,0,0,0,0,0,0
2020/10/16,12:19:16,3.926250,0,0.000000,0.000000,18,6,0,0,0,0,0,0,0,0,0,0
2020/10/16,12:19:26,3.925000,0,0.000000,0.000000,0,0,0,0,0,0,0,0,0,0,0,0
2020/10/16,12:19:36,3.925000,0,0.000000,0.000000,9,3,0,0,0,0,0,0,0,0,0,0
2020/10/16,12:19:46,3.927500,0,0.000000,0.000000,18,3,0,0,0,0,0,0,0,0,0,0
2020/10/16,12:19:56,3.926250,0,0.000000,0.000000,39,10,0,0,0,0,0,0,0,0,0,0
2020/10/16,12:20:16,3.926250,0,0.000000,0.000000,54,14,0,0,0,0,0,0,0,0,0,0
2020/10/16,12:20:26,3.926250,0,0.000000,0.000000,39,9,0,0,0,0,0,0,0,0,0,0
2020/10/16,12:20:36,3.927500,0,0.000000,0.000000,39,13,0,0,0,0,0,0,0,0,0,0
2020/10/16,12:20:46,3.926250,0,0.000000,0.000000,243,81,6,0,0,0,0,0,0,0,0,0
2020/10/16,12:20:56,3.925000,0,0.000000,0.000000,402,134,9,0,0,0,1,1,1,1,1,1
2020/10/16,12:21:16,3.922500,0,0.000000,0.000000,1821,587,122,19,16,16,11,18,32,11,18,32
2020/10/16,12:21:26,3.926250,0,0.000000,0.000000,1086,354,86,20,3,3,6,14,16,6,14,16
2020/10/16,12:21:36,3.923750,0,0.000000,0.000000,1014,334,70,13,6,6,6,10,15,6,10,15
2020/10/16,12:21:46,3.922500,0,0.000000,0.000000,711,230,50,9,6,6,3,5,12,3,5,12
2020/10/16,12:21:56,3.922500,0,0.000000,0.000000,465,144,7,3,3,3,1,1,4,1,1,4
2020/10/16,12:22:16,3.925000,0,0.000000,0.000000,306,102,34,3,0,0,0,2,2,0,2,2
2020/10/16,12:22:26,3.925000,0,0.000000,0.000000,354,107,10,3,0,0,0,1,1,0,1,1
2020/10/16,12:22:36,3.925000,0,0.000000,0.000000,243,70,0,0,0,0,0,0,0,0,0,0
2020/10/16,12:22:46,3.925000,0,0.000000,0.000000,117,39,10,3,3,3,0,0,2,0,0,2
2020/10/16,12:22:56,3.925000,0,0.000000,0.000000,150,47,13,3,3,3,0,0,2,0,0,2
2020/10/16,12:23:16,3.925000,0,0.000000,0.000000,222,66,3,3,3,3,0,0,2,0,0,2
2020/10/16,12:23:26,3.920000,0,0.000000,0.000000,123,37,3,0,0,0,0,0,0,0,0,0
2020/10/16,12:23:36,3.921250,0,0.000000,0.000000,42,14,3,0,0,0,0,0,0,0,0,0
2020/10/16,12:23:46,3.922500,0,0.000000,0.000000,21,7,7,0,0,0,0,0,0,0,0,0
2020/10/16,12:23:56,3.925000,0,0.000000,0.000000,48,16,7,0,0,0,0,0,0,0,0,0
2020/10/16,12:24:16,3.925000,0,0.000000,0.000000,60,20,0,0,0,0,0,0,0,0,0,0
2020/10/16,12:24:26,3.925000,0,0.000000,0.000000,90,30,3,0,0,0,0,0,0,0,0,0
2020/10/16,12:24:36,3.923750,0,0.000000,0.000000,90,30,0,0,0,0,0,0,0,0,0,0
2020/10/16,12:24:46,3.923750,0,0.000000,0.000000,30,10,0,0,0,0,0,0,0,0,0,0
2020/10/16,12:24:56,3.925000,0,0.000000,0.000000,0,0,0,0,0,0,0,0,0,0,0,0
2020/10/16,12:25:16,3.921250,0,0.000000,0.000000,465,151,46,9,0,0,1,5,5,1,5,5
2020/10/16,12:25:26,3.922500,0,0.000000,0.000000,309,103,20,0,0,0,0,1,1,0,1,1
2020/10/16,12:25:36,3.925000,0,0.000000,0.000000,414,134,9,3,3,3,1,1,3,1,1,3
2020/10/16,12:25:46,3.923750,0,0.000000,0.000000,759,245,57,6,6,6,4,6,11,4,6,11
2020/10/16,12:25:56,3.925000,0,0.000000,0.000000,750,238,42,9,9,9,3,5,13,3,5,13
2020/10/16,12:26:16,3.920000,0,0.000000,0.000000,426,138,19,9,9,9,1,1,9,1,1,9
2020/10/16,12:26:26,3.920000,0,0.000000,0.000000,459,138,17,6,3,3,1,2,5,1,2,5
2020/10/16,12:26:36,3.920000,0,0.000000,0.000000,390,118,10,0,0,0,1,1,1,1,1,1
2020/10/16,12:26:46,3.920000,0,0.000000,0.000000,162,42,3,0,0,0,0,0,0,0,0,0
2020/10/16,12:26:56,3.921250,0,0.000000,0.000000,105,35,0,0,0,0,0,0,0,0,0,0
2020/10/16,12:27:16,3.922500,0,0.000000,0.000000,144,44,6,3,3,3,0,0,2,0,0,2
2020/10/16,12:27:26,3.922500,0,0.000000,0.000000,141,43,6,3,3,3,0,0,2,0,0,2
2020/10/16,12:27:36,3.922500,0,0.000000,0.000000,93,31,3,0,0,0,0,0,0,0,0,0
2020/10/16,12:27:46,3.921250,0,0.000000,0.000000,60,20,0,0,0,0,0,0,0,0,0,0
2020/10/16,12:27:56,3.920000,0,0.000000,0.000000,69,23,0,0,0,0,0,0,0,0,0,0
2020/10/16,12:28:16,3.917500,0,0.000000,0.000000,147,45,3,0,0,0,0,0,0,0,0,0
2020/10/16,12:28:26,3.920000,0,0.000000,0.000000,60,20,0,0,0,0,0,0,0,0,0,0
2020/10/16,12:28:36,3.921250,0,0.000000,0.000000,117,39,10,3,3,3,0,0,2,0,0,2
2020/10/16,12:28:46,3.922500,0,0.000000,0.000000,108,36,10,3,3,3,0,0,2,0,0,2
2020/10/16,12:28:56,3.922500,0,0.000000,0.000000,39,13,0,0,0,0,0,0,0,0,0,0
2020/10/16,12:29:16,3.920000,0,0.000000,0.000000,141,39,0,0,0,0,0,0,0,0,0,0
2020/10/16,12:29:26,3.920000,0,0.000000,0.000000,336,108,13,3,3,3,0,1,4,0,1,4
2020/10/16,12:29:36,3.918750,0,0.000000,0.000000,624,200,20,6,6,6,2,3,8,2,3,8
2020/10/16,12:29:46,3.920000,0,0.000000,0.000000,2091,674,165,36,9,9,14,27,35,14,27,35
2020/10/16,12:29:56,3.917500,0,0.000000,0.000000,1263,409,109,34,9,9,5,17,25,5,17,25
2020/10/16,12:30:16,3.917500,0,0.000000,0.000000,900,288,78,12,3,3,4,9,13,4,9,13
2020/10/16,12:30:26,3.918750,0,0.000000,0.000000,483,161,23,7,3,3,2,4,7,2,4,7
2020/10/16,12:30:36,3.920000,0,0.000000,0.000000,240,80,3,0,0,0,0,0,0,0,0,0
2020/10/16,12:30:46,3.920000,0,0.000000,0.000000,105,32,3,0,0,0,0,0,0,0,0,0
2020/10/16,12:30:56,3.921250,0,0.000000,0.000000,108,36,3,0,0,0,0,0,0,0,0,0
2020/10/16,12:31:16,3.920000,0,0.000000,0.000000,162,50,10,3,3,3,0,0,2,0,0,2
2020/10/16,12:31:26,3.918750,0,0.000000,0.000000,162,50,11,3,3,3,0,0,2,0,0,2
2020/10/16,12:31:36,3.917500,0,0.000000,0.000000,195,61,14,3,3,3,0,0,2,0,0,2
2020/10/16,12:31:46,3.917500,0,0.000000,0.000000,90,30,0,0,0,0,0,0,0,0,0,0
2020/10/16,12:31:56,3.917500,0,0.000000,0.000000,96,28,0,0,0,0,0,0,0,0,0,0
2020/10/16,12:32:16,3.920000,0,0.000000,0.000000,57,19,3,0,0,0,0,0,0,0,0,0
2020/10/16,12:32:26,3.920000,0,0.000000,0.000000,57,19,3,3,3,3,0,0,1,0,0,1
2020/10/16,12:32:36,3.920000,0,0.000000,0.000000,57,19,3,3,3,3,0,0,1,0,0,1
2020/10/16,12:32:46,3.920000,0,0.000000,0.000000,39,13,0,0,0,0,0,0,0,0,0,0
2020/10/16,12:32:56,3.920000,0,0.000000,0.000000,60,17,3,0,0,0,0,0,0,0,0,0
2020/10/16,12:33:16,3.915000,0,0.000000,0.000000,72,24,3,0,0,0,0,0,0,0,0,0
2020/10/16,12:33:26,3.915000,0,0.000000,0.000000,108,36,0,0,0,0,0,0,0,0,0,0
2020/10/16,12:33:36,3.917500,0,0.000000,0.000000,90,27,0,0,0,0,0,0,0,0,0,0
2020/10/16,12:33:46,3.917500,0,0.000000,0.000000,36,9,0,0,0,0,0,0,0,0,0,0
2020/10/16,12:33:56,3.920000,0,0.000000,0.000000,51,13,0,0,0,0,0,0,0,0,0,0
2020/10/16,12:34:16,3.915000,0,0.000000,0.000000,906,298,90,23,10,10,4,10,20,4,10,20
2020/10/16,12:34:26,3.918750,0,0.000000,0.000000,423,138,24,12,3,3,1,4,7,1,4,7
2020/10/16,12:34:36,3.917500,0,0.000000,0.000000,540,177,26,3,0,0,2,4,4,2,4,4
2020/10/16,12:34:46,3.917500,0,0.000000,0.000000,678,226,38,6,6,6,4,5,10,4,5,10
2020/10/16,12:34:56,3.916250,0,0.000000,0.000000,828,260,29,9,9,9,4,5,13,4,5,13
2020/10/16,12:35:16,3.918750,0,0.000000,0.000000,624,200,57,3,3,3,3,5,8,3,5,8
2020/10/16,12:35:26,3.918750,0,0.000000,0.000000,726,238,53,3,3,3,3,6,8,3,6,8
2020/10/16,12:35:36,3.917500,0,0.000000,0.000000,1683,546,160,32,6,6,9,22,28,9,22,28
2020/10/16,12:35:46,3.915000,0,0.000000,0.000000,1812,588,157,36,10,10,12,27,36,12,27,36
2020/10/16,12:35:56,3.917500,0,0.000000,0.000000,1182,372,87,9,0,0,6,13,13,6,13,13
2020/10/16,12:36:16,3.915000,0,0.000000,0.000000,1428,460,103,11,3,3,9,16,19,9,16,19
2020/10/16,12:36:26,3.918750,0,0.000000,0.000000,1287,421,98,10,3,3,8,15,18,8,15,18
2020/10/16,12:36:36,3.915000,0,0.000000,0.000000,1242,411,118,29,6,6,8,19,25,8,19,25
2020/10/16,12:36:46,3.915000,0,0.000000,0.000000,1146,382,86,19,13,13,7,12,23,7,12,23
2020/10/16,12:36:56,3.917500,0,0.000000,0.000000,1101,367,76,9,6,6,6,10,16,6,10,16
2020/10/16,12:37:16,3.915000,0,0.000000,0.000000,759,237,74,9,3,3,3,9,11,3,9,11
2020/10/16,12:37:26,3.917500,0,0.000000,0.000000,633,199,37,6,3,3,2,5,8,2,5,8
2020/10/16,12:37:36,3.917500,0,0.000000,0.000000,369,111,13,0,0,0,1,1,1,1,1,1
2020/10/16,12:37:46,3.917500,0,0.000000,0.000000,171,45,3,0,0,0,0,0,0,0,0,0
2020/10/16,12:37:56,3.917500,0,0.000000,0.000000,195,57,3,3,3,3,0,0,2,0,0,2
2020/10/16,12:38:16,3.917500,0,0.000000,0.000000,192,64,9,3,3,3,0,0,3,0,0,3
2020/10/16,12:38:26,3.917500,0,0.000000,0.000000,105,35,6,3,3,3,0,0,2,0,0,2
2020/10/16,12:38:36,3.916250,0,0.000000,0.000000,216,65,6,3,0,0,0,1,1,0,1,1
2020/10/16,12:38:46,3.915000,0,0.000000,0.000000,216,65,9,3,0,0,0,0,0,0,0,0
2020/10/16,12:38:56,3.912500,0,0.000000,0.000000,192,64,12,0,0,0,0,0,0,0,0,0
2020/10/16,12:39:16,3.917500,0,0.000000,0.000000,93,27,3,0,0,0,0,0,0,0,0,0
2020/10/16,12:39:26,3.917500,0,0.000000,0.000000,105,35,0,0,0,0,0,0,0,0,0,0
2020/10/16,12:39:36,3.916250,0,0.000000,0.000000,93,31,0,0,0,0,0,0,0,0,0,0
2020/10/16,12:39:46,3.917500,0,0.000000,0.000000,63,21,0,0,0,0,0,0,0,0,0,0
2020/10/16,12:39:56,3.917500,0,0.000000,0.000000,75,25,3,0,0,0,0,0,0,0,0,0
2020/10/16,12:40:16,3.915000,0,0.000000,0.000000,108,36,0,0,0,0,0,0,0,0,0,0
2020/10/16,12:40:26,3.913750,0,0.000000,0.000000,225,71,6,0,0,0,0,0,0,0,0,0
2020/10/16,12:40:36,3.912500,0,0.000000,0.000000,840,272,48,6,6,6,4,6,12,4,6,12
2020/10/16,12:40:46,3.915000,0,0.000000,0.000000,954,310,67,6,0,0,5,10,10,5,10,10
2020/10/16,12:40:56,3.912500,0,0.000000,0.000000,1239,409,125,13,3,3,7,18,20,7,18,20
2020/10/16,12:41:16,3.915000,0,0.000000,0.000000,1893,627,200,33,6,3,10,27,33,10,27,33
2020/10/16,12:41:26,3.915000,0,0.000000,0.000000,1128,368,91,3,3,3,7,11,14,7,11,14
2020/10/16,12:41:36,3.916250,0,0.000000,0.000000,1086,354,75,6,3,3,7,10,13,7,10,13
2020/10/16,12:41:46,3.915000,0,0.000000,0.000000,1143,373,55,3,3,3,7,9,11,7,9,11
2020/10/16,12:41:56,3.915000,0,0.000000,0.000000,2583,847,223,61,13,13,17,37,49,17,34,47
2020/10/16,12:42:16,3.915000,0,0.000000,0.000000,1773,572,153,26,3,3,10,21,26,10,21,26
2020/10/16,12:42:26,3.915000,0,0.000000,0.000000,1566,511,72,16,6,6,10,15,20,10,15,20
2020/10/16,12:42:36,3.915000,0,0.000000,0.000000,1302,423,56,6,6,6,8,10,16,8,10,16
2020/10/16,12:42:46,3.912500,0,0.000000,0.000000,1050,343,71,3,3,3,6,10,12,6,10,12
2020/10/16,12:42:56,3.912500,0,0.000000,0.000000,1461,470,110,13,3,3,9,18,22,9,18,22
2020/10/16,12:43:16,3.915000,0,0.000000,0.000000,1185,371,103,16,6,6,8,13,18,8,13,18
2020/10/16,12:43:26,3.915000,0,0.000000,0.000000,1002,316,65,6,3,3,5,8,11,5,8,11
2020/10/16,12:43:36,3.913750,0,0.000000,0.000000,573,188,31,3,3,3,2,3,6,2,3,6
2020/10/16,12:43:46,3.912500,0,0.000000,0.000000,657,219,32,9,6,6,3,4,10,3,4,10
2020/10/16,12:43:56,3.911250,0,0.000000,0.000000,531,173,16,9,6,6,2,3,8,2,3,8
2020/10/16,12:44:16,3.910000,0,0.000000,0.000000,402,126,16,3,3,3,0,1,4,0,1,4
2020/10/16,12:44:26,3.912500,0,0.000000,0.000000,423,129,0,0,0,0,1,1,1,1,1,1
2020/10/16,12:44:36,3.912500,0,0.000000,0.000000,480,148,10,0,0,0,1,1,1,1,1,1
2020/10/16,12:44:46,3.915000,0,0.000000,0.000000,327,105,0,0,0,0,0,0,0,0,0,0
2020/10/16,12:44:56,3.913750,0,0.000000,0.000000,210,70,6,3,3,3,0,0,2,0,0,2
2020/10/16,12:45:16,3.912500,0,0.000000,0.000000,225,75,6,0,0,0,0,0,0,0,0,0
2020/10/16,12:45:26,3.911250,0,0.000000,0.000000,192,64,3,0,0,0,0,0,0,0,0,0
2020/10/16,12:45:36,3.910000,0,0.000000,0.000000,174,50,0,0,0,0,0,0,0,0,0,0
2020/10/16,12:45:46,3.910000,0,0.000000,0.000000,153,51,7,0,0,0,0,0,0,0,0,0
2020/10/16,12:45:56,3.911250,0,0.000000,0.000000,180,60,7,0,0,0,0,0,0,0,0,0
2020/10/16,12:46:16,3.912500,0,0.000000,0.000000,108,32,0,0,0,0,0,0,0,0,0,0
2020/10/16,12:46:26,3.913750,0,0.000000,0.000000,90,26,0,0,0,0,0,0,0,0,0,0
2020/10/16,12:46:36,3.913750,0,0.000000,0.000000,51,14,0,0,0,0,0,0,0,0,0,0
2020/10/16,12:46:46,3.913750,0,0.000000,0.000000,120,40,11,0,0,0,0,0,0,0,0,0
2020/10/16,12:46:56,3.911250,0,0.000000,0.000000,162,50,11,0,0,0,0,0,0,0,0,0