Date,Time,Battery,Fix,Latitude,Longitude,Dp>0.3,Dp>0.5,Dp>1.0,Dp>2.5,Dp>5.0,Dp>10.0,PM1_Std,PM2.5_Std,PM10_Std,PM1_Env,PM2.5_Env,PM10_Env,Temp(C),RH(%),P(hPa),Alti(m)
2020/10/15,14:38:2,4.008750,0,0.000000,0.000000,132,40,3,3,0,0,0,1,1,0,1,1,24.430000,40.526367,102849.781250,-126.181694
2020/10/15,14:38:12,4.008750,0,0.000000,0.000000,171,53,3,0,0,0,0,0,0,0,0,0,24.459999,34.445312,102856.148438,-126.706284
2020/10/15,14:38:22,4.008750,0,0.000000,0.000000,171,50,3,0,0,0,0,0,0,0,0,0,24.500000,33.466797,102846.921875,-125.947212
2020/10/15,14:38:32,4.008750,0,0.000000,0.000000,195,58,3,0,0,0,1,1,1,1,1,1,24.530001,33.718750,102851.171875,-126.295952
2020/10/15,14:38:42,4.008750,0,0.000000,0.000000,183,61,0,0,0,0,1,1,1,1,1,1,24.580000,33.294922,102855.007812,-126.611900
2020/10/15,14:38:56,4.008750,0,0.000000,0.000000,207,61,0,0,0,0,0,0,0,0,0,0,24.629999,32.945312,102853.875000,-126.518509
2020/10/15,14:39:6,4.008750,0,0.000000,0.000000,231,73,0,0,0,0,0,0,0,0,0,0,24.670000,32.782227,102854.906250,-126.603951
2020/10/15,14:39:16,4.008750,0,0.000000,0.000000,171,53,0,0,0,0,0,0,0,0,0,0,24.700001,32.558594,102852.867188,-126.436043
2020/10/15,14:39:26,4.008750,0,0.000000,0.000000,123,41,0,0,0,0,0,0,0,0,0,0,24.740000,32.395508,102854.046875,-126.533409
2020/10/15,14:39:36,4.008750,0,0.000000,0.000000,48,16,0,0,0,0,0,0,0,0,0,0,24.760000,32.255859,102848.343750,-126.063461
2020/10/15,14:39:46,4.008750,0,0.000000,0.000000,153,51,0,0,0,0,0,0,0,0,0,0,24.790001,32.150391,102857.718750,-126.834442
2020/10/15,14:39:56,4.008750,0,0.000000,0.000000,123,37,0,0,0,0,0,0,0,0,0,0,24.809999,32.045898,102847.796875,-126.019745
2020/10/15,14:40:6,4.007500,0,0.000000,0.000000,126,38,0,0,0,0,0,0,0,0,0,0,24.840000,32.012695,102852.375000,-126.395309
2020/10/15,14:40:16,4.006250,0,0.000000,0.000000,165,55,3,0,0,0,0,0,0,0,0,0,24.860001,31.919922,102853.859375,-126.517509
2020/10/15,14:40:26,4.005000,0,0.000000,0.000000,144,45,0,0,0,0,0,0,0,0,0,0,24.879999,31.790039,102851.570312,-126.329735
2020/10/15,14:40:36,4.003750,0,0.000000,0.000000,99,27,0,0,0,0,0,0,0,0,0,0,24.889999,31.755859,102849.828125,-126.185669
2020/10/15,14:40:46,4.003750,0,0.000000,0.000000,81,24,0,0,0,0,0,0,0,0,0,0,24.910000,31.698242,102847.546875,-125.997887
2020/10/15,14:40:56,4.003750,0,0.000000,0.000000,126,38,3,0,0,0,0,0,0,0,0,0,24.930000,31.582031,102855.062500,-126.616867
2020/10/15,14:41:6,4.003750,0,0.000000,0.000000,147,45,0,0,0,0,0,0,0,0,0,0,24.950001,31.558594,102857.164062,-126.789734
2020/10/15,14:41:16,4.006250,0,0.000000,0.000000,165,55,3,0,0,0,0,0,0,0,0,0,24.969999,31.524414,102850.625000,-126.251244
2020/10/15,14:41:26,4.006250,0,0.000000,0.000000,294,94,6,0,0,0,0,1,1,0,1,1,24.980000,31.490234,102861.539062,-127.148384
2020/10/15,14:41:36,4.007500,0,0.000000,0.000000,285,91,3,0,0,0,0,0,0,0,0,0,25.000000,31.419922,102853.218750,-126.464851
2020/10/15,14:41:46,4.007500,0,0.000000,0.000000,174,58,0,0,0,0,0,0,0,0,0,0,25.020000,31.374023,102850.070312,-126.205536
2020/10/15,14:41:56,4.006250,0,0.000000,0.000000,129,43,0,0,0,0,0,0,0,0,0,0,25.030001,31.351562,102851.593750,-126.331718
2020/10/15,14:42:6,4.006250,0,0.000000,0.000000,228,76,7,0,0,0,0,0,0,0,0,0,25.040001,31.292969,102854.234375,-126.548309
2020/10/15,14:42:16,4.006250,0,0.000000,0.000000,177,55,0,0,0,0,0,0,0,0,0,0,25.059999,31.199219,102856.125000,-126.704292
2020/10/15,14:42:26,4.006250,0,0.000000,0.000000,198,58,7,3,3,0,0,0,1,0,0,1,25.070000,31.188477,102853.562500,-126.493668
2020/10/15,14:42:36,4.006250,0,0.000000,0.000000,216,65,10,3,3,0,0,0,2,0,0,2,25.090000,31.176758,102847.250000,-125.974037
2020/10/15,14:42:46,4.006250,0,0.000000,0.000000,225,75,0,0,0,0,0,0,0,0,0,0,25.100000,31.130859,102852.132812,-126.375435
2020/10/15,14:42:56,4.003750,0,0.000000,0.000000,150,46,0,0,0,0,0,0,0,0,0,0,25.120001,31.096680,102854.031250,-126.531425
2020/10/15,14:43:6,4.002500,0,0.000000,0.000000,159,49,0,0,0,0,0,0,0,0,0,0,25.120001,31.132812,102853.070312,-126.452934
2020/10/15,14:43:16,4.002500,0,0.000000,0.000000,216,68,3,3,3,3,0,0,2,0,0,2,25.139999,31.074219,102854.140625,-126.655609
2020/10/15,14:43:26,4.001250,0,0.000000,0.000000,210,70,7,7,3,0,0,0,3,0,0,3,25.139999,31.049805,102853.148438,-126.458893
2020/10/15,14:43:36,4.002500,0,0.000000,0.000000,228,76,14,7,3,0,0,0,3,0,0,3,25.160000,31.027344,102858.851562,-126.927834
2020/10/15,14:43:46,4.003750,0,0.000000,0.000000,240,80,10,0,0,0,0,0,0,0,0,0,25.160000,30.981445,102862.937500,-127.264618
2020/10/15,14:43:56,4.003750,0,0.000000,0.000000,198,62,3,0,0,0,0,1,1,0,1,1,25.180000,30.958984,102855.156250,-126.623817
2020/10/15,14:44:6,4.003750,0,0.000000,0.000000,237,75,7,0,0,0,0,1,1,0,1,1,25.190001,30.912109,102854.000000,-126.529434
2020/10/15,14:44:16,4.006250,0,0.000000,0.000000,246,82,10,3,3,3,0,1,4,0,1,4,25.190001,30.912109,102853.828125,-126.399284
2020/10/15,14:44:26,4.005000,0,0.000000,0.000000,183,57,3,3,3,3,0,0,3,0,0,3,25.200001,30.876953,102851.257812,-126.303902
2020/10/15,14:44:36,4.006250,0,0.000000,0.000000,99,30,0,0,0,0,0,0,0,0,0,0,25.209999,30.853516,102847.906250,-126.027695
2020/10/15,14:44:46,4.005000,0,0.000000,0.000000,108,33,0,0,0,0,0,0,0,0,0,0,25.219999,30.854492,102850.953125,-126.278069
2020/10/15,14:44:56,4.003750,0,0.000000,0.000000,165,51,0,0,0,0,0,0,0,0,0,0,25.230000,30.795898,102846.156250,-125.883621
2020/10/15,14:45:6,4.003750,0,0.000000,0.000000,300,93,0,0,0,0,1,1,1,1,1,1,25.230000,30.795898,102846.984375,-125.952179
2020/10/15,14:45:16,4.005000,0,0.000000,0.000000,270,87,3,0,0,0,0,0,0,0,0,0,25.250000,30.749023,102838.203125,-125.774330
2020/10/15,14:45:26,4.000000,0,0.000000,0.000000,150,47,3,0,0,0,0,0,0,0,0,0,25.250000,30.726562,102845.656250,-125.842888
2020/10/15,14:45:36,4.001250,0,0.000000,0.000000,150,47,0,0,0,0,0,0,0,0,0,0,25.260000,30.690430,102840.304688,-125.402718
2020/10/15,14:45:46,4.003750,0,0.000000,0.000000,213,67,0,0,0,0,0,0,0,0,0,0,25.260000,30.691406,102839.312500,-125.320244
2020/10/15,14:45:56,4.003750,0,0.000000,0.000000,249,79,0,0,0,0,0,0,0,0,0,0,25.270000,30.692383,102843.359375,-125.654099
2020/10/15,14:46:6,4.003750,0,0.000000,0.000000,291,90,3,0,0,0,1,1,1,1,1,1,25.270000,30.657227,102841.375000,-125.490150
2020/10/15,14:46:16,4.003750,0,0.000000,0.000000,162,44,3,0,0,0,0,0,0,0,0,0,25.280001,30.668945,102844.437500,-125.742531
2020/10/15,14:46:26,4.003750,0,0.000000,0.000000,186,59,10,0,0,0,0,0,0,0,0,0,25.290001,30.668945,102840.625000,-125.428551
2020/10/15,14:46:36,4.003750,0,0.000000,0.000000,267,89,13,0,0,0,0,0,0,0,0,0,25.299999,30.610352,102847.937500,-126.030670
2020/10/15,14:46:46,4.003750,0,0.000000,0.000000,195,58,7,0,0,0,0,0,0,0,0,0,25.299999,30.729492,102840.906250,-125.452393
2020/10/15,14:46:56,4.003750,0,0.000000,0.000000,144,41,0,0,0,0,0,0,0,0,0,0,25.299999,30.586914,102838.500000,-125.253670
2020/10/15,14:47:6,4.003750,0,0.000000,0.000000,138,43,0,0,0,0,0,0,0,0,0,0,25.320000,30.564453,102840.398438,-125.409668
2020/10/15,14:47:16,4.002500,0,0.000000,0.000000,189,63,0,0,0,0,0,0,0,0,0,0,25.330000,30.565430,102843.046875,-125.627274
2020/10/15,14:47:26,4.001250,0,0.000000,0.000000,333,99,0,0,0,0,0,0,0,0,0,0,25.320000,30.553711,102842.632812,-125.593491
2020/10/15,14:47:36,4.001250,0,0.000000,0.000000,201,59,0,0,0,0,0,0,0,0,0,0,25.330000,30.518555,102843.867188,-125.695831
2020/10/15,14:47:46,3.998750,0,0.000000,0.000000,192,60,0,0,0,0,0,0,0,0,0,0,25.330000,30.458984,102841.468750,-125.498100
2020/10/15,14:47:56,3.998750,0,0.000000,0.000000,228,68,0,0,0,0,0,0,0,0,0,0,25.340000,30.459961,102845.140625,-125.800163
2020/10/15,14:48:6,3.998750,0,0.000000,0.000000,240,69,3,3,3,3,0,0,2,0,0,2,25.350000,30.519531,102844.968750,-125.786247
2020/10/15,14:48:16,4.000000,0,0.000000,0.000000,219,59,6,6,6,3,0,0,5,0,0,5,25.350000,30.531250,102844.390625,-125.738556
2020/10/15,14:48:26,4.001250,0,0.000000,0.000000,159,53,0,0,0,0,0,0,0,0,0,0,25.360001,30.507812,102844.804688,-125.772339
2020/10/15,14:48:36,4.002500,0,0.000000,0.000000,114,38,0,0,0,0,0,0,0,0,0,0,25.360001,30.437500,102842.812500,-125.608391
2020/10/15,14:48:46,4.002500,0,0.000000,0.000000,144,48,0,0,0,0,0,0,0,0,0,0,25.370001,30.520508,102846.453125,-125.907471
2020/10/15,14:48:56,4.002500,0,0.000000,0.000000,237,75,0,0,0,0,0,0,0,0,0,0,25.370001,30.437500,102846.453125,-125.907471
2020/10/15,14:49:6,4.002500,0,0.000000,0.000000,159,53,0,0,0,0,0,0,0,0,0,0,25.370001,30.402344,102844.882812,-125.779297
2020/10/15,14:49:16,4.001250,0,0.000000,0.000000,192,64,0,0,0,0,0,0,0,0,0,0,25.379999,30.403320,102839.117188,-125.304344
2020/10/15,14:49:26,4.001250,0,0.000000,0.000000,246,79,0,0,0,0,0,0,0,0,0,0,25.389999,30.403320,102844.164062,-125.719681
2020/10/15,14:49:36,4.001250,0,0.000000,0.000000,258,76,0,0,0,0,0,0,0,0,0,0,25.389999,30.391602,102841.765625,-125.521950
2020/10/15,14:49:46,4.001250,0,0.000000,0.000000,237,72,3,0,0,0,0,0,0,0,0,0,25.389999,30.391602,102836.960938,-125.127472
2020/10/15,14:49:56,4.001250,0,0.000000,0.000000,210,64,3,0,0,0,0,0,0,0,0,0,25.400000,30.344727,102844.406250,-125.740547
2020/10/15,14:50:6,3.998750,0,0.000000,0.000000,171,50,6,0,0,0,0,0,0,0,0,0,25.400000,30.333008,102837.781250,-125.195045
2020/10/15,14:50:16,3.998750,0,0.000000,0.000000,246,78,9,0,0,0,0,0,0,0,0,0,25.400000,30.321289,102842.828125,-125.609390
2020/10/15,14:50:26,3.997500,0,0.000000,0.000000,282,94,3,0,0,0,0,0,0,0,0,0,25.400000,30.309570,102837.203125,-125.147346
2020/10/15,14:50:36,3.997500,0,0.000000,0.000000,249,80,3,0,0,0,0,0,0,0,0,0,25.410000,30.286133,102838.437500,-125.248703
2020/10/15,14:50:46,3.998750,0,0.000000,0.000000,144,45,6,0,0,0,0,0,0,0,0,0,25.420000,30.274414,102838.281250,-125.235779
2020/10/15,14:50:56,3.998750,0,0.000000,0.000000,99,33,3,0,0,0,0,0,0,0,0,0,25.420000,30.286133,102838.281250,-125.235779
2020/10/15,14:51:6,3.998750,0,0.000000,0.000000,195,62,0,0,0,0,0,0,0,0,0,0,25.420000,30.251953,102834.468750,-124.922775
2020/10/15,14:51:16,4.000000,0,0.000000,0.000000,153,51,0,0,0,0,0,0,0,0,0,0,25.420000,30.263672,102836.312500,-125.074806
2020/10/15,14:51:26,4.001250,0,0.000000,0.000000,165,51,0,0,0,0,0,0,0,0,0,0,25.430000,30.241211,102843.593750,-125.672981
2020/10/15,14:51:36,4.001250,0,0.000000,0.000000,219,65,3,0,0,0,0,0,0,0,0,0,25.440001,30.205078,102839.625000,-125.346077
2020/10/15,14:51:46,3.998750,0,0.000000,0.000000,234,70,3,0,0,0,0,0,0,0,0,0,25.440001,30.264648,102834.984375,-124.964508
2020/10/15,14:51:56,3.998750,0,0.000000,0.000000,201,59,3,3,3,0,0,0,1,0,0,1,25.440001,30.216797,102829.773438,-124.536232
2020/10/15,14:52:6,3.997500,0,0.000000,0.000000,192,60,3,3,3,0,0,0,1,0,0,1,25.450001,30.217773,102833.406250,-124.835335
2020/10/15,14:52:16,3.996250,0,0.000000,0.000000,249,79,0,0,0,0,0,0,0,0,0,0,25.450001,30.194336,102826.375000,-124.256989
2020/10/15,14:52:26,3.996250,0,0.000000,0.000000,153,47,0,0,0,0,0,0,0,0,0,0,25.459999,30.182617,102834.656250,-124.937683
2020/10/15,14:52:36,3.996250,0,0.000000,0.000000,132,44,0,0,0,0,0,0,0,0,0,0,25.459999,30.135742,102829.023438,-124.474617
2020/10/15,14:52:46,3.996250,0,0.000000,0.000000,249,76,0,0,0,0,0,0,0,0,0,0,25.459999,30.064453,102828.437500,-124.426918
2020/10/15,14:52:56,3.998750,0,0.000000,0.000000,192,57,0,0,0,0,0,0,0,0,0,0,25.459999,30.147461,102829.843750,-124.542191
2020/10/15,14:53:6,3.998750,0,0.000000,0.000000,195,62,6,0,0,0,0,0,0,0,0,0,25.469999,30.135742,102830.703125,-124.612747
2020/10/15,14:53:16,4.000000,0,0.000000,0.000000,195,61,3,0,0,0,0,0,0,0,0,0,25.469999,30.135742,102826.898438,-124.299721
2020/10/15,14:53:26,3.998750,0,0.000000,0.000000,195,61,0,0,0,0,0,0,0,0,0,0,25.469999,30.112305,102825.906250,-124.217239
2020/10/15,14:53:36,3.998750,0,0.000000,0.000000,111,33,3,0,0,0,0,0,0,0,0,0,25.480000,30.125000,102823.500000,-124.019485
2020/10/15,14:53:46,3.998750,0,0.000000,0.000000,135,41,0,0,0,0,0,0,0,0,0,0,25.480000,30.113281,102827.554688,-124.353386
2020/10/15,14:53:56,3.998750,0,0.000000,0.000000,207,69,3,0,0,0,0,0,0,0,0,0,25.490000,30.113281,102826.562500,-124.271896
2020/10/15,14:54:6,3.998750,0,0.000000,0.000000,396,122,3,0,0,0,1,1,1,1,1,1,25.490000,30.113281,102827.968750,-124.387169
2020/10/15,14:54:16,3.998750,0,0.000000,0.000000,261,80,0,0,0,0,1,1,1,1,1,1,25.490000,30.089844,102828.796875,-124.455734
2020/10/15,14:54:26,3.997500,0,0.000000,0.000000,99,33,0,0,0,0,0,0,0,0,0,0,25.490000,30.102539,102830.609375,-124.605789
2020/10/15,14:54:36,3.996250,0,0.000000,0.000000,93,28,3,0,0,0,0,0,0,0,0,0,25.500000,30.089844,102821.171875,-123.827682
2020/10/15,14:54:46,3.996250,0,0.000000,0.000000,114,32,3,0,0,0,0,0,0,0,0,0,25.500000,30.078125,102819.765625,-123.712402
2020/10/15,14:54:56,3.995000,0,0.000000,0.000000,147,43,9,3,3,0,0,0,1,0,0,1,25.500000,30.042969,102828.210938,-124.407043
2020/10/15,14:55:6,3.995000,0,0.000000,0.000000,219,67,6,3,3,0,0,0,1,0,0,1,25.500000,30.031250,102826.632812,-124.277863
2020/10/15,14:55:16,3.995000,0,0.000000,0.000000,129,40,0,0,0,0,0,0,0,0,0,0,25.510000,30.055664,102824.234375,-124.080101
2020/10/15,14:55:26,3.995000,0,0.000000,0.000000,132,36,0,0,0,0,0,0,0,0,0,0,25.510000,30.043945,102824.648438,-124.113892
2020/10/15,14:55:36,3.996250,0,0.000000,0.000000,207,53,0,0,0,0,0,0,0,0,0,0,25.510000,30.056641,102822.687500,-123.953896
2020/10/15,14:55:46,3.997500,0,0.000000,0.000000,99,33,3,0,0,0,0,0,0,0,0,0,25.520000,30.033203,102827.328125,-124.335495
2020/10/15,14:55:56,3.998750,0,0.000000,0.000000,87,26,3,0,0,0,0,0,0,0,0,0,25.520000,30.020508,102821.695312,-123.871414
2020/10/15,14:56:6,3.998750,0,0.000000,0.000000,129,40,0,0,0,0,0,0,0,0,0,0,25.520000,30.008789,102832.375000,-124.749878
2020/10/15,14:56:16,3.998750,0,0.000000,0.000000,162,50,0,0,0,0,0,0,0,0,0,0,25.530001,29.973633,102831.375000,-124.667397
2020/10/15,14:56:26,3.996250,0,0.000000,0.000000,129,36,0,0,0,0,0,0,0,0,0,0,25.530001,29.997070,102823.343750,-124.006561
2020/10/15,14:56:36,3.997500,0,0.000000,0.000000,105,32,0,0,0,0,0,0,0,0,0,0,25.530001,29.973633,102830.375000,-124.584923
2020/10/15,14:56:46,3.997500,0,0.000000,0.000000,195,65,7,0,0,0,0,0,0,0,0,0,25.530001,29.998047,102827.398438,-124.340462
2020/10/15,14:56:56,3.997500,0,0.000000,0.000000,132,44,3,0,0,0,0,0,0,0,0,0,25.530001,29.939453,102825.992188,-124.225189
2020/10/15,14:57:6,3.996250,0,0.000000,0.000000,168,52,6,3,0,0,0,0,2,0,0,2,25.540001,29.975586,102824.421875,-124.096001
2020/10/15,14:57:16,3.995000,0,0.000000,0.000000,195,58,6,3,0,0,0,1,2,0,1,2,25.540001,29.974609,102827.812500,-124.374252
2020/10/15,14:57:26,3.993750,0,0.000000,0.000000,204,64,6,0,0,0,0,1,1,0,1,1,25.540001,29.987305,102821.601562,-123.864456
2020/10/15,14:57:36,3.996250,0,0.000000,0.000000,270,76,10,0,0,0,1,1,1,1,1,1,25.540001,29.975586,102819.203125,-123.666687
2020/10/15,14:57:46,3.997500,0,0.000000,0.000000,141,40,0,0,0,0,0,0,0,0,0,0,25.549999,29.962891,102827.062500,-124.312637
2020/10/15,14:57:56,3.996250,0,0.000000,0.000000,120,36,0,0,0,0,0,0,0,0,0,0,25.549999,29.916016,102818.203125,-123.584206
2020/10/15,14:58:6,3.996250,0,0.000000,0.000000,171,49,6,0,0,0,0,0,0,0,0,0,25.549999,29.927734,102821.437500,-123.850540
2020/10/15,14:58:16,3.996250,0,0.000000,0.000000,234,71,6,0,0,0,1,1,1,1,1,1,25.549999,29.916016,102814.812500,-123.304939
2020/10/15,14:58:26,3.996250,0,0.000000,0.000000,273,84,0,0,0,0,0,0,0,0,0,0,25.549999,29.904297,102815.218750,-123.338730
2020/10/15,14:58:36,3.996250,0,0.000000,0.000000,282,88,0,0,0,0,1,1,1,1,1,1,25.559999,29.892578,102813.265625,-123.177727
2020/10/15,14:58:46,3.996250,0,0.000000,0.000000,213,68,0,0,0,0,1,1,1,1,1,1,25.559999,29.869141,102818.312500,-123.593147
2020/10/15,14:58:56,3.995000,0,0.000000,0.000000,141,43,0,0,0,0,0,0,0,0,0,0,25.559999,29.952148,102813.671875,-123.211517
2020/10/15,14:59:6,3.995000,0,0.000000,0.000000,123,37,3,0,0,0,0,0,0,0,0,0,25.570000,29.881836,102819.546875,-123.694519
2020/10/15,14:59:16,3.993750,0,0.000000,0.000000,141,44,3,0,0,0,0,0,0,0,0,0,25.570000,29.881836,102817.734375,-123.545448
2020/10/15,14:59:26,3.992500,0,0.000000,0.000000,195,58,3,0,0,0,0,0,0,0,0,0,25.570000,29.858398,102817.148438,-123.497742
2020/10/15,14:59:36,3.992500,0,0.000000,0.000000,234,70,3,0,0,0,0,0,0,0,0,0,25.570000,29.846680,102818.554688,-123.613022
2020/10/15,14:59:46,3.991250,0,0.000000,0.000000,168,49,0,0,0,0,0,0,0,0,0,0,25.580000,29.846680,102811.515625,-123.033623
2020/10/15,14:59:56,3.992500,0,0.000000,0.000000,162,51,0,0,0,0,0,0,0,0,0,0,25.580000,29.834961,102815.156250,-123.333763
2020/10/15,15:0:6,3.993750,0,0.000000,0.000000,153,51,0,0,0,0,0,0,0,0,0,0,25.580000,29.846680,102813.343750,-123.184685
2020/10/15,15:0:16,3.995000,0,0.000000,0.000000,153,47,0,0,0,0,0,0,0,0,0,0,25.580000,29.811523,102811.351562,-123.020699
2020/10/15,15:0:26,3.996250,0,0.000000,0.000000,150,46,0,0,0,0,0,0,0,0,0,0,25.580000,29.775391,102807.546875,-122.707626
2020/10/15,15:0:36,3.996250,0,0.000000,0.000000,186,58,0,0,0,0,0,0,0,0,0,0,25.590000,29.824219,102807.953125,-122.741425
2020/10/15,15:0:46,3.995000,0,0.000000,0.000000,222,70,0,0,0,0,1,1,1,1,1,1,25.590000,29.811523,102805.140625,-122.508850
2020/10/15,15:0:56,3.983750,0,0.000000,0.000000,288,88,0,0,0,0,1,1,1,1,1,1,25.580000,29.846680,102801.500000,-122.209679
2020/10/15,15:1:6,3.995000,0,0.000000,0.000000,360,116,0,0,0,0,2,2,2,2,2,2,25.590000,29.859375,102805.554688,-122.543633
2020/10/15,15:1:16,3.995000,0,0.000000,0.000000,225,75,0,0,0,0,1,1,1,1,1,1,25.590000,29.835938,102809.773438,-122.890503
2020/10/15,15:1:26,3.995000,0,0.000000,0.000000,111,33,7,3,0,0,0,0,1,0,0,1,25.600000,29.800781,102803.976562,-122.413437
2020/10/15,15:1:36,3.993750,0,0.000000,0.000000,186,58,14,3,0,0,0,0,1,0,0,1,25.600000,29.847656,102800.609375,-122.136124
2020/10/15,15:1:46,3.992500,0,0.000000,0.000000,219,69,10,0,0,0,1,1,1,1,1,1,25.600000,29.824219,102797.796875,-121.905525
2020/10/15,15:1:56,3.991250,0,0.000000,0.000000,228,72,0,0,0,0,0,0,0,0,0,0,25.600000,29.835938,102797.390625,-121.871735
2020/10/15,15:2:6,3.991250,0,0.000000,0.000000,222,70,0,0,0,0,0,0,0,0,0,0,25.610001,31.616211,102792.578125,-121.476128
2020/10/15,15:2:16,3.991250,0,0.000000,0.000000,180,52,0,0,0,0,0,0,0,0,0,0,25.600000,31.307617,102787.953125,-121.094421
2020/10/16,12:12:50,3.897500,0,0.000000,0.000000,432,117,6,0,0,0,1,2,2,1,2,2,23.660000,46.212891,101757.023438,-35.907135
2020/10/16,12:13:0,3.897500,0,0.000000,0.000000,39,13,0,0,0,0,0,0,0,0,0,0,23.670000,46.025391,101761.054688,-36.240856
2020/10/16,12:13:10,3.896250,0,0.000000,0.000000,51,17,0,0,0,0,0,0,0,0,0,0,23.690001,45.958008,101763.773438,-36.467342
2020/10/16,12:13:20,3.896250,0,0.000000,0.000000,42,14,0,0,0,0,0,0,0,0,0,0,23.690001,45.839844,101766.578125,-36.699837
2020/10/16,12:13:30,3.895000,0,0.000000,0.000000,78,26,3,3,3,0,0,0,1,0,0,1,23.700001,45.770508,101756.000000,-35.821949
2020/10/16,12:13:40,3.895000,0,0.000000,0.000000,57,19,3,3,3,0,0,0,0,0,0,0,23.709999,47.005859,101766.640625,-36.704845
2020/10/16,12:13:50,3.883750,0,0.000000,0.000000,69,23,0,0,0,0,0,0,0,0,0,0,23.730000,46.043945,101761.117188,-36.246872
2020/10/16,12:14:0,3.896250,0,0.000000,0.000000,102,34,0,0,0,0,0,0,0,0,0,0,23.730000,45.760742,101768.125000,-36.828106
2020/10/16,12:14:10,3.898750,0,0.000000,0.000000,81,24,0,0,0,0,0,0,0,0,0,0,23.740000,45.726562,101772.164062,-37.162804
2020/10/16,12:14:20,3.898750,0,0.000000,0.000000,81,24,3,3,3,0,0,0,2,0,0,2,23.750000,45.645508,101764.390625,-36.518452
2020/10/16,12:14:30,3.898750,0,0.000000,0.000000,0,0,0,0,0,0,0,0,0,0,0,0,23.750000,45.586914,101767.609375,-36.785015
2020/10/16,12:14:40,3.898750,0,0.000000,0.000000,30,7,0,0,0,0,0,0,0,0,0,0,23.760000,45.551758,101766.023438,-36.653740
2020/10/16,12:14:50,3.891250,0,0.000000,0.000000,102,27,0,0,0,0,0,0,0,0,0,0,23.750000,45.550781,101768.015625,-36.819088
2020/10/16,12:15:0,3.896250,0,0.000000,0.000000,126,34,0,0,0,0,0,0,0,0,0,0,23.770000,46.047852,101766.703125,-36.709858
2020/10/16,12:15:10,3.893750,0,0.000000,0.000000,51,13,0,0,0,0,0,0,0,0,0,0,23.770000,45.588867,101769.914062,-36.976418
2020/10/16,12:15:20,3.893750,0,0.000000,0.000000,27,9,6,0,0,0,0,0,0,0,0,0,23.790001,45.555664,101771.375000,-37.029526
2020/10/16,12:15:30,3.893750,0,0.000000,0.000000,27,6,6,0,0,0,0,0,0,0,0,0,23.799999,45.544922,101771.609375,-37.116707
2020/10/16,12:15:40,3.895000,0,0.000000,0.000000,69,20,0,0,0,0,0,0,0,0,0,0,23.809999,45.627930,101773.250000,-37.252991
2020/10/16,12:15:50,3.883750,0,0.000000,0.000000,309,89,0,0,0,0,1,1,1,1,1,1,23.820000,45.571289,101769.296875,-36.925308
2020/10/16,12:16:0,3.896250,0,0.000000,0.000000,309,89,3,0,0,0,1,1,1,1,1,1,23.830000,45.477539,101768.718750,-36.877209
2020/10/16,12:16:10,3.896250,0,0.000000,0.000000,102,34,0,0,0,0,0,0,0,0,0,0,23.830000,45.524414,101767.312500,-36.759964
2020/10/16,12:16:20,3.897500,0,0.000000,0.000000,69,23,0,0,0,0,0,0,0,0,0,0,23.830000,45.430664,101767.140625,-36.745934
2020/10/16,12:16:30,3.898750,0,0.000000,0.000000,9,3,0,0,0,0,0,0,0,0,0,0,23.840000,45.443359,101767.953125,-36.813076
2020/10/16,12:16:40,3.898750,0,0.000000,0.000000,30,10,0,0,0,0,0,0,0,0,0,0,23.850000,45.432617,101769.187500,-36.916290
2020/10/16,12:16:50,3.893750,0,0.000000,0.000000,90,23,0,0,0,0,0,0,0,0,0,0,23.850000,45.444336,101764.976562,-36.566555
2020/10/16,12:17:0,3.896250,0,0.000000,0.000000,60,16,0,0,0,0,0,0,0,0,0,0,23.850000,45.444336,101763.984375,-36.484379
2020/10/16,12:17:10,3.896250,0,0.000000,0.000000,9,3,0,0,0,0,0,0,0,0,0,0,23.850000,45.467773,101768.187500,-36.833118
2020/10/16,12:17:20,3.897500,0,0.000000,0.000000,9,3,0,0,0,0,0,0,0,0,0,0,23.860001,45.420898,101771.812500,-37.133743
2020/10/16,12:17:30,3.896250,0,0.000000,0.000000,51,17,0,0,0,0,0,0,0,0,0,0,23.850000,45.432617,101771.000000,-37.066605
2020/10/16,12:17:40,3.896250,0,0.000000,0.000000,177,52,3,0,0,0,0,0,0,0,0,0,23.860001,45.397461,101778.828125,-37.715931
2020/10/16,12:17:50,3.883750,0,0.000000,0.000000,123,38,3,0,0,0,0,0,0,0,0,0,23.860001,45.421875,101776.875000,-37.553604
2020/10/16,12:18:0,3.892500,0,0.000000,0.000000,120,40,0,0,0,0,0,0,0,0,0,0,23.860001,45.444336,101782.078125,-37.985470
2020/10/16,12:18:10,3.892500,0,0.000000,0.000000,69,23,0,0,0,0,0,0,0,0,0,0,23.860001,45.398438,101783.476562,-38.101700
2020/10/16,12:18:20,3.893750,0,0.000000,0.000000,9,3,0,0,0,0,0,0,0,0,0,0,23.850000,45.502930,101779.000000,-37.729961
2020/10/16,12:18:30,3.895000,0,0.000000,0.000000,21,7,0,0,0,0,0,0,0,0,0,0,23.850000,45.502930,101776.195312,-37.497490
2020/10/16,12:18:40,3.896250,0,0.000000,0.000000,30,10,0,0,0,0,0,0,0,0,0,0,23.850000,45.609375,101773.796875,-37.299084
2020/10/16,12:18:50,3.893750,0,0.000000,0.000000,246,79,0,0,0,0,0,0,0,0,0,0,23.850000,45.574219,101778.015625,-37.648796
2020/10/16,12:19:0,3.896250,0,0.000000,0.000000,234,75,0,0,0,0,1,1,1,1,1,1,23.850000,45.502930,101779.414062,-37.764027
2020/10/16,12:19:10,3.896250,0,0.000000,0.000000,81,27,0,0,0,0,0,0,0,0,0,0,23.850000,45.609375,101779.000000,-37.729961
2020/10/16,12:19:20,3.896250,0,0.000000,0.000000,102,34,0,0,0,0,0,0,0,0,0,0,23.850000,45.550781,101785.437500,-38.264019
2020/10/16,12:19:30,3.896250,0,0.000000,0.000000,108,36,0,0,0,0,0,0,0,0,0,0,23.860001,45.585938,101780.234375,-37.833168
2020/10/16,12:19:40,3.896250,0,0.000000,0.000000,87,29,3,0,0,0,0,0,0,0,0,0,23.850000,45.562500,101785.023438,-38.229954
2020/10/16,12:19:50,3.893750,0,0.000000,0.000000,153,40,6,0,0,0,0,0,0,0,0,0,23.860001,45.632812,101784.875000,-38.217930
2020/10/16,12:20:0,3.896250,0,0.000000,0.000000,102,23,3,0,0,0,0,0,0,0,0,0,23.850000,45.609375,101782.218750,-37.997494
2020/10/16,12:20:10,3.895000,0,0.000000,0.000000,18,6,0,0,0,0,0,0,0,0,0,0,23.850000,45.820312,101781.406250,-37.930363
2020/10/16,12:20:20,3.893750,0,0.000000,0.000000,93,31,3,0,0,0,0,0,0,0,0,0,23.840000,45.666992,101785.203125,-38.244984
2020/10/16,12:20:30,3.893750,0,0.000000,0.000000,90,30,3,0,0,0,0,0,0,0,0,0,23.840000,45.643555,101779.585938,-37.779057
2020/10/16,12:20:40,3.892500,0,0.000000,0.000000,18,6,0,0,0,0,0,0,0,0,0,0,23.840000,45.702148,101772.578125,-37.196873
2020/10/16,12:20:50,3.880000,0,0.000000,0.000000,105,32,3,0,0,0,0,0,0,0,0,0,23.840000,45.655273,101779.179688,-37.744991
2020/10/16,12:21:0,3.891250,0,0.000000,0.000000,303,98,3,0,0,0,0,0,0,0,0,0,23.840000,45.643555,101784.796875,-38.210915
2020/10/16,12:21:10,3.896250,0,0.000000,0.000000,108,36,0,0,0,0,0,0,0,0,0,0,23.850000,45.713867,101780.000000,-37.813126
2020/10/16,12:21:20,3.896250,0,0.000000,0.000000,225,62,10,0,0,0,0,0,0,0,0,0,23.850000,45.666992,101782.804688,-38.045589
2020/10/16,12:21:30,3.895000,0,0.000000,0.000000,138,40,0,0,0,0,0,0,0,0,0,0,23.850000,45.691406,101783.210938,-38.079659
2020/10/16,12:21:40,3.893750,0,0.000000,0.000000,462,150,31,3,0,0,2,4,4,2,4,4,23.860001,45.668945,101783.890625,-38.135769
2020/10/16,12:21:50,3.880000,0,0.000000,0.000000,654,215,30,6,3,3,4,6,8,4,6,8,23.860001,45.704102,101782.484375,-38.019539
2020/10/16,12:22:0,3.891250,0,0.000000,0.000000,372,124,0,0,0,0,1,1,1,1,1,1,23.860001,45.786133,101778.828125,-37.715931
2020/10/16,12:22:10,3.891250,0,0.000000,0.000000,279,90,3,0,0,0,0,0,0,0,0,0,23.860001,45.787109,101776.875000,-37.553604
2020/10/16,12:22:20,3.892500,0,0.000000,0.000000,171,53,6,3,3,0,0,0,1,0,0,1,23.860001,45.762695,101779.679688,-37.787075
2020/10/16,12:22:30,3.893750,0,0.000000,0.000000,177,51,3,3,3,0,0,0,1,0,0,1,23.860001,45.750977,101788.093750,-38.484451
2020/10/16,12:22:40,3.895000,0,0.000000,0.000000,249,79,3,3,3,0,0,0,2,0,0,2,23.850000,45.961914,101783.210938,-38.079659
2020/10/16,12:22:50,3.883750,0,0.000000,0.000000,153,51,3,0,0,0,0,0,0,0,0,0,23.860001,45.985352,101780.671875,-37.869240
2020/10/16,12:23:0,3.892500,0,0.000000,0.000000,249,83,23,6,3,0,0,1,3,0,1,3,23.870001,45.951172,101784.703125,-38.203903
2020/10/16,12:23:10,3.893750,0,0.000000,0.000000,231,77,13,6,6,3,0,0,5,0,0,5,23.870001,45.880859,101783.296875,-37.737976
2020/10/16,12:23:20,3.892500,0,0.000000,0.000000,78,26,3,3,3,0,0,0,0,0,0,0,23.860001,46.092773,101781.484375,-37.936375
2020/10/16,12:23:30,3.892500,0,0.000000,0.000000,90,26,0,0,0,0,0,0,0,0,0,0,23.860001,45.974609,101780.085938,-37.820141
2020/10/16,12:23:40,3.891250,0,0.000000,0.000000,120,40,0,0,0,0,0,0,0,0,0,0,23.860001,47.480469,101785.703125,-38.286064
2020/10/16,12:23:50,3.890000,0,0.000000,0.000000,246,78,6,3,0,0,0,0,1,0,0,1,23.870001,46.174805,101790.312500,-38.668808
2020/10/16,12:24:0,3.891250,0,0.000000,0.000000,198,62,3,3,0,0,0,0,1,0,0,1,23.870001,45.963867,101787.921875,-38.470425
2020/10/16,12:24:10,3.891250,0,0.000000,0.000000,102,30,0,0,0,0,0,0,0,0,0,0,23.870001,45.858398,101788.328125,-38.504490
2020/10/16,12:24:20,3.891250,0,0.000000,0.000000,84,24,3,0,0,0,0,0,0,0,0,0,23.879999,45.812500,101787.570312,-38.441368
2020/10/16,12:24:30,3.893750,0,0.000000,0.000000,93,31,3,0,0,0,0,0,0,0,0,0,23.879999,46.353516,101787.156250,-38.407299
2020/10/16,12:24:40,3.893750,0,0.000000,0.000000,81,27,0,0,0,0,0,0,0,0,0,0,23.889999,46.224609,101792.593750,-38.858170
2020/10/16,12:24:50,3.893750,0,0.000000,0.000000,150,46,0,0,0,0,0,0,0,0,0,0,23.889999,45.859375,101781.375000,-37.927357
2020/10/16,12:25:0,3.893750,0,0.000000,0.000000,150,42,0,0,0,0,0,0,0,0,0,0,23.889999,45.800781,101787.390625,-38.426338
2020/10/16,12:25:10,3.893750,0,0.000000,0.000000,69,19,3,0,0,0,0,0,0,0,0,0,23.900000,45.813477,101784.000000,-38.144787
2020/10/16,12:25:20,3.893750,0,0.000000,0.000000,240,77,17,0,0,0,1,1,1,1,1,1,23.889999,45.731445,101782.187500,-37.994488
2020/10/16,12:25:30,3.893750,0,0.000000,0.000000,375,125,20,3,3,0,3,3,5,3,3,5,23.889999,45.765625,101777.570312,-37.611721
2020/10/16,12:25:40,3.893750,0,0.000000,0.000000,621,192,31,6,3,0,3,3,7,3,3,7,23.889999,45.730469,101776.171875,-37.495487
2020/10/16,12:25:50,3.893750,0,0.000000,0.000000,684,217,28,6,6,3,3,4,8,3,4,8,23.889999,45.825195,101782.187500,-37.994488
2020/10/16,12:26:0,3.891250,0,0.000000,0.000000,558,178,36,12,6,3,2,4,10,2,4,10,23.889999,45.743164,101782.187500,-37.994488
2020/10/16,12:26:10,3.890000,0,0.000000,0.000000,1698,547,144,30,9,3,11,21,28,11,21,28,23.910000,45.767578,101780.062500,-37.818138
2020/10/16,12:26:20,3.891250,0,0.000000,0.000000,1005,319,72,6,3,3,6,10,13,6,10,13,23.910000,45.744141,101775.843750,-37.468430
2020/10/16,12:26:30,3.888750,0,0.000000,0.000000,519,169,40,0,0,0,2,4,4,2,4,4,23.910000,45.697266,101776.671875,-37.537571
2020/10/16,12:26:40,3.893750,0,0.000000,0.000000,231,77,13,0,0,0,1,1,1,1,1,1,23.910000,45.673828,101781.867188,-37.968437
2020/10/16,12:26:50,3.893750,0,0.000000,0.000000,519,170,9,3,3,0,3,3,5,3,3,5,23.900000,45.685547,101779.648438,-37.784069
2020/10/16,12:27:0,3.892500,0,0.000000,0.000000,522,166,16,3,3,0,3,3,5,3,3,5,23.900000,45.697266,101781.046875,-37.900303
2020/10/16,12:27:10,3.891250,0,0.000000,0.000000,384,112,0,0,0,0,2,2,2,2,2,2,23.910000,45.779297,101775.843750,-37.468430
2020/10/16,12:27:20,3.891250,0,0.000000,0.000000,330,102,3,0,0,0,1,1,1,1,1,1,23.910000,45.674805,101777.078125,-37.570637
2020/10/16,12:27:30,3.890000,0,0.000000,0.000000,114,34,3,0,0,0,0,0,0,0,0,0,23.910000,45.674805,101779.882812,-37.803108
2020/10/16,12:27:40,3.888750,0,0.000000,0.000000,216,61,3,0,0,0,1,1,1,1,1,1,23.910000,45.755859,101772.046875,-37.153786
2020/10/16,12:27:50,3.888750,0,0.000000,0.000000,237,72,3,0,0,0,1,1,1,1,1,1,23.910000,47.286133,101774.265625,-37.337162
2020/10/16,12:28:0,3.888750,0,0.000000,0.000000,357,115,3,0,0,0,0,0,0,0,0,0,23.910000,46.369141,101775.671875,-37.454403
2020/10/16,12:28:10,3.890000,0,0.000000,0.000000,237,76,7,0,0,0,1,1,1,1,1,1,23.910000,45.910156,101772.867188,-37.221924
2020/10/16,12:28:20,3.893750,0,0.000000,0.000000,129,40,0,0,0,0,0,0,0,0,0,0,23.920000,45.851562,101774.093750,-37.323132
2020/10/16,12:28:30,3.891250,0,0.000000,0.000000,120,37,0,0,0,0,0,0,0,0,0,0,23.920000,45.710938,101778.296875,-37.638775
2020/10/16,12:28:40,3.891250,0,0.000000,0.000000,102,31,0,0,0,0,0,0,0,0,0,0,23.930000,49.052734,101774.328125,-37.343174
2020/10/16,12:28:50,3.888750,0,0.000000,0.000000,276,92,12,3,0,0,0,1,1,0,1,1,23.940001,46.276367,101770.937500,-37.061592
2020/10/16,12:29:0,3.888750,0,0.000000,0.000000,144,48,10,7,0,0,0,2,2,0,2,2,23.940001,45.935547,101771.750000,-37.128735
2020/10/16,12:29:10,3.888750,0,0.000000,0.000000,111,34,0,0,0,0,0,0,0,0,0,0,23.930000,45.770508,101774.734375,-37.376244
2020/10/16,12:29:20,3.890000,0,0.000000,0.000000,195,65,0,0,0,0,0,0,0,0,0,0,23.930000,45.711914,101774.734375,-37.376244
2020/10/16,12:29:30,3.891250,0,0.000000,0.000000,198,66,0,0,0,0,0,0,0,0,0,0,23.940001,46.124023,101775.960938,-37.477448
2020/10/16,12:29:40,3.891250,0,0.000000,0.000000,396,128,35,0,0,0,1,3,3,1,3,3,23.930000,45.558594,101778.945312,-37.725952
2020/10/16,12:29:50,3.891250,0,0.000000,0.000000,543,174,38,0,0,0,2,4,4,2,4,4,23.940001,45.593750,101774.156250,-37.328144
2020/10/16,12:30:0,3.891250,0,0.000000,0.000000,423,138,12,3,3,0,2,2,4,2,2,4,23.940001,45.571289,101772.187500,-37.164806
2020/10/16,12:30:10,3.891250,0,0.000000,0.000000,324,108,12,3,3,0,1,1,3,1,1,3,23.940001,45.488281,101766.578125,-36.699837
2020/10/16,12:30:20,3.891250,0,0.000000,0.000000,495,165,16,3,0,0,3,3,4,3,3,4,23.950001,45.513672,101762.781250,-36.384167
2020/10/16,12:30:30,3.891250,0,0.000000,0.000000,474,158,16,0,0,0,3,3,3,3,3,3,23.950001,45.501953,101763.593750,-36.452312
2020/10/16,12:30:40,3.891250,0,0.000000,0.000000,192,64,6,0,0,0,0,1,1,0,1,1,23.940001,45.464844,101760.968750,-36.233845
2020/10/16,12:30:50,3.891250,0,0.000000,0.000000,294,95,6,0,0,0,0,0,0,0,0,0,23.940001,45.464844,101760.968750,-36.233845
2020/10/16,12:31:0,3.890000,0,0.000000,0.000000,99,33,3,0,0,0,0,0,0,0,0,0,23.950001,45.430664,101764.187500,-36.501415
2020/10/16,12:31:10,3.888750,0,0.000000,0.000000,150,50,9,3,3,0,0,0,1,0,0,1,23.950001,45.442383,101763.187500,-36.418240
2020/10/16,12:31:20,3.886250,0,0.000000,0.000000,207,69,19,6,6,0,1,1,5,1,1,5,23.950001,45.465820,101765.000000,-36.568558
2020/10/16,12:31:30,3.886250,0,0.000000,0.000000,213,71,9,3,3,0,0,0,2,0,0,2,23.959999,45.419922,101758.804688,-36.055458
2020/10/16,12:31:40,3.887500,0,0.000000,0.000000,162,54,3,0,0,0,0,0,0,0,0,0,23.950001,45.395508,101757.984375,-35.986305
2020/10/16,12:31:50,3.887500,0,0.000000,0.000000,198,62,0,0,0,0,0,0,0,0,0,0,23.950001,45.373047,101754.187500,-35.671616
2020/10/16,12:32:0,3.888750,0,0.000000,0.000000,144,44,0,0,0,0,0,0,0,0,0,0,23.950001,45.348633,101759.390625,-36.103561
2020/10/16,12:32:10,3.888750,0,0.000000,0.000000,90,26,0,0,0,0,0,0,0,0,0,0,23.950001,45.325195,101756.171875,-35.835979
2020/10/16,12:32:20,3.890000,0,0.000000,0.000000,165,51,0,0,0,0,0,0,0,0,0,0,23.950001,45.314453,101752.781250,-35.555359
2020/10/16,12:32:30,3.891250,0,0.000000,0.000000,114,38,3,0,0,0,0,0,0,0,0,0,23.959999,45.278320,101756.406250,-35.856022
2020/10/16,12:32:40,3.891250,0,0.000000,0.000000,141,44,3,0,0,0,0,0,0,0,0,0,23.969999,45.419922,101761.437500,-36.272926
2020/10/16,12:32:50,3.891250,0,0.000000,0.000000,252,73,7,0,0,0,0,0,0,0,0,0,23.959999,45.326172,101757.812500,-35.972275
2020/10/16,12:33:0,3.891250,0,0.000000,0.000000,300,89,10,0,0,0,0,0,0,0,0,0,23.969999,45.266602,101754.421875,-35.690659
2020/10/16,12:33:10,3.888750,0,0.000000,0.000000,156,52,12,0,0,0,0,0,0,0,0,0,23.969999,45.254883,101753.015625,-35.574402
2020/10/16,12:33:20,3.890000,0,0.000000,0.000000,108,36,6,0,0,0,0,0,0,0,0,0,23.959999,45.314453,101753.187500,-35.588432
2020/10/16,12:33:30,3.890000,0,0.000000,0.000000,120,40,0,0,0,0,0,0,0,0,0,0,23.950001,45.265625,101753.781250,-35.638542
2020/10/16,12:33:40,3.888750,0,0.000000,0.000000,66,22,0,0,0,0,0,0,0,0,0,0,23.950001,45.301758,101753.375000,-35.604469
2020/10/16,12:33:50,3.886250,0,0.000000,0.000000,69,23,3,0,0,0,0,0,0,0,0,0,23.950001,45.230469,101750.968750,-35.405025
2020/10/16,12:34:0,3.886250,0,0.000000,0.000000,63,21,3,0,0,0,0,0,0,0,0,0,23.950001,45.301758,101748.164062,-35.171501
2020/10/16,12:34:10,3.885000,0,0.000000,0.000000,99,33,0,0,0,0,0,0,0,0,0,0,23.950001,45.253906,101751.968750,-35.488209
2020/10/16,12:34:20,3.886250,0,0.000000,0.000000,306,102,21,0,0,0,1,1,1,1,1,1,23.950001,45.218750,101745.359375,-34.938972
2020/10/16,12:34:30,3.886250,0,0.000000,0.000000,474,155,28,0,0,0,2,2,2,2,2,2,23.950001,45.207031,101749.156250,-35.254688
2020/10/16,12:34:40,3.886250,0,0.000000,0.000000,414,134,18,0,0,0,1,2,2,1,2,2,23.959999,45.254883,101749.390625,-35.273731
2020/10/16,12:34:50,3.886250,0,0.000000,0.000000,543,178,12,0,0,0,2,2,2,2,2,2,23.959999,45.231445,101747.578125,-35.123390
2020/10/16,12:35:0,3.886250,0,0.000000,0.000000,762,254,57,0,0,0,4,7,7,4,7,7,23.969999,45.197266,101743.601562,-34.793640
2020/10/16,12:35:10,3.886250,0,0.000000,0.000000,2244,730,177,23,0,0,17,31,31,17,30,31,23.969999,45.137695,101743.601562,-34.793640
2020/10/16,12:35:20,3.888750,0,0.000000,0.000000,873,283,55,23,9,0,4,9,15,4,9,15,23.969999,45.125977,101740.390625,-34.527027
2020/10/16,12:35:30,3.888750,0,0.000000,0.000000,339,109,13,3,3,0,0,1,3,0,1,3,23.940001,45.112305,101740.882812,-34.567120
2020/10/16,12:35:40,3.888750,0,0.000000,0.000000,468,145,23,0,0,0,2,3,3,2,3,3,23.950001,45.266602,101747.171875,-35.089314
2020/10/16,12:35:50,3.883750,0,0.000000,0.000000,918,299,102,12,0,0,6,13,13,6,13,13,23.959999,45.161133,101743.781250,-34.807671
2020/10/16,12:36:0,3.885000,0,0.000000,0.000000,1554,500,129,20,10,6,10,19,27,10,19,27,23.969999,45.184570,101741.796875,-34.643295
2020/10/16,12:36:10,3.886250,0,0.000000,0.000000,750,243,64,13,6,3,3,8,12,3,8,12,23.980000,45.221680,101736.406250,-34.196255
2020/10/16,12:36:20,3.883750,0,0.000000,0.000000,1038,342,51,10,6,3,5,9,14,5,9,14,23.969999,45.197266,101739.804688,-34.478912
2020/10/16,12:36:30,3.886250,0,0.000000,0.000000,906,287,86,18,9,3,5,11,18,5,11,18,23.969999,45.267578,101738.398438,-34.361641
2020/10/16,12:36:40,3.885000,0,0.000000,0.000000,675,222,42,12,12,6,2,4,14,2,4,14,23.980000,45.315430,101740.617188,-34.546070
2020/10/16,12:36:50,3.886250,0,0.000000,0.000000,747,242,43,9,6,3,3,5,10,3,5,10,23.950001,45.278320,101734.546875,-34.041889
2020/10/16,12:37:0,3.887500,0,0.000000,0.000000,690,226,51,16,13,3,3,4,14,3,4,14,23.969999,45.243164,101737.578125,-34.293480
2020/10/16,12:37:10,3.888750,0,0.000000,0.000000,675,221,37,6,6,0,3,4,8,3,4,8,23.959999,45.254883,101734.953125,-34.075970
2020/10/16,12:37:20,3.888750,0,0.000000,0.000000,744,240,22,6,6,0,4,4,8,4,4,8,23.959999,45.302734,101732.140625,-33.842415
2020/10/16,12:37:30,3.887500,0,0.000000,0.000000,531,177,16,3,3,0,2,2,4,2,2,4,23.940001,45.464844,101733.460938,-33.951675
2020/10/16,12:37:40,3.886250,0,0.000000,0.000000,657,219,55,6,3,3,3,6,9,3,6,9,23.950001,45.465820,101733.718750,-33.972725
2020/10/16,12:37:50,3.873750,0,0.000000,0.000000,486,155,17,6,3,3,1,2,5,1,2,5,23.950001,45.348633,101730.921875,-33.741173
2020/10/16,12:38:0,3.883750,0,0.000000,0.000000,429,136,10,3,3,0,2,2,4,2,2,4,23.950001,45.408203,101740.156250,-34.506981
2020/10/16,12:38:10,3.883750,0,0.000000,0.000000,225,71,7,3,3,0,1,1,3,1,1,3,23.940001,45.464844,101731.500000,-33.789288
2020/10/16,12:38:20,3.883750,0,0.000000,0.000000,267,89,6,3,3,0,1,1,3,1,1,3,23.950001,45.442383,101722.093750,-33.008396
2020/10/16,12:38:30,3.883750,0,0.000000,0.000000,267,89,9,3,3,0,1,1,3,1,1,3,23.950001,45.430664,101722.906250,-33.075562
2020/10/16,12:38:40,3.885000,0,0.000000,0.000000,336,108,9,3,3,3,0,1,4,0,1,4,23.940001,45.559570,101720.281250,-32.858025
2020/10/16,12:38:50,3.886250,0,0.000000,0.000000,174,54,3,0,0,0,0,0,0,0,0,0,23.950001,45.501953,101720.101562,-32.842987
2020/10/16,12:39:0,3.886250,0,0.000000,0.000000,168,56,6,3,3,3,0,0,3,0,0,3,23.950001,45.560547,101715.890625,-32.494114
2020/10/16,12:39:10,3.887500,0,0.000000,0.000000,192,64,3,3,3,3,1,1,4,1,1,4,23.950001,45.548828,101714.484375,-32.376820
2020/10/16,12:39:20,3.886250,0,0.000000,0.000000,156,48,10,3,3,3,0,0,2,0,0,2,23.950001,45.595703,101720.687500,-32.891106
2020/10/16,12:39:30,3.886250,0,0.000000,0.000000,231,61,17,3,3,3,0,0,2,0,0,2,23.950001,45.560547,101713.085938,-32.260525
2020/10/16,12:39:40,3.887500,0,0.000000,0.000000,243,73,27,0,0,0,0,0,0,0,0,0,23.940001,45.688477,101710.453125,-32.042973
2020/10/16,12:39:50,3.886250,0,0.000000,0.000000,312,97,10,0,0,0,0,1,1,0,1,1,23.950001,45.654297,101720.687500,-32.891106
2020/10/16,12:40:0,3.886250,0,0.000000,0.000000,246,68,10,3,3,0,0,0,2,0,0,2,23.940001,45.688477,101712.828125,-32.239471
2020/10/16,12:40:10,3.886250,0,0.000000,0.000000,819,252,56,9,6,3,4,7,12,4,7,12,23.950001,45.725586,101717.882812,-32.658527
2020/10/16,12:40:20,3.881250,0,0.000000,0.000000,2358,769,143,51,14,0,17,31,40,17,30,40,23.950001,45.772461,101711.687500,-32.145233
2020/10/16,12:40:30,3.883750,0,0.000000,0.000000,975,318,72,13,3,3,7,11,14,7,11,14,23.959999,45.702148,101714.312500,-32.362785
2020/10/16,12:40:40,3.886250,0,0.000000,0.000000,522,171,27,6,6,3,2,3,7,2,3,7,23.959999,45.713867,101718.109375,-32.677574
2020/10/16,12:40:50,3.883750,0,0.000000,0.000000,639,199,33,6,3,3,2,4,7,2,4,7,23.959999,45.796875,101714.312500,-32.362785
2020/10/16,12:41:0,3.883750,0,0.000000,0.000000,501,161,40,9,6,6,3,5,10,3,5,10,23.940001,45.865234,101708.617188,-31.889578
2020/10/16,12:41:10,3.883750,0,0.000000,0.000000,846,276,59,9,6,6,5,7,13,5,7,13,23.940001,45.923828,101708.203125,-31.855492
2020/10/16,12:41:20,3.881250,0,0.000000,0.000000,861,279,38,3,0,0,5,7,7,5,7,7,23.940001,46.111328,101713.812500,-32.320679
2020/10/16,12:41:30,3.886250,0,0.000000,0.000000,744,240,33,0,0,0,3,5,5,3,5,5,23.940001,46.005859,101709.203125,-31.938705
2020/10/16,12:41:40,3.886250,0,0.000000,0.000000,675,221,54,0,0,0,3,5,5,3,5,5,23.930000,45.912109,101708.382812,-31.870529
2020/10/16,12:41:50,3.885000,0,0.000000,0.000000,528,176,9,0,0,0,2,3,3,2,3,3,23.930000,45.994141,101705.171875,-31.603840
2020/10/16,12:42:0,3.881250,0,0.000000,0.000000,672,216,36,0,0,0,4,5,5,4,5,5,23.930000,45.970703,101705.171875,-31.603840
2020/10/16,12:42:10,3.883750,0,0.000000,0.000000,651,213,37,12,0,0,3,6,7,3,6,7,23.940001,46.053711,101711.421875,-32.122173
2020/10/16,12:42:20,3.882500,0,0.000000,0.000000,624,204,37,6,3,3,2,4,7,2,4,7,23.940001,46.005859,101713.812500,-32.320679
2020/10/16,12:42:30,3.881250,0,0.000000,0.000000,795,255,49,6,6,6,4,5,11,4,5,11,23.940001,46.805664,101705.398438,-31.622890
2020/10/16,12:42:40,3.881250,0,0.000000,0.000000,642,200,19,0,0,0,3,3,3,3,3,3,23.930000,46.606445,101708.796875,-31.904617
2020/10/16,12:42:50,3.880000,0,0.000000,0.000000,465,145,22,3,3,0,1,2,4,1,2,4,23.930000,46.358398,101709.781250,-31.986828
2020/10/16,12:43:0,3.883750,0,0.000000,0.000000,1344,432,92,22,9,3,8,14,22,8,14,22,23.930000,46.182617,101703.179688,-31.438410
2020/10/16,12:43:10,3.885000,0,0.000000,0.000000,1929,620,125,26,13,7,13,23,33,13,23,33,23.930000,46.147461,101697.562500,-30.972179
2020/10/16,12:43:20,3.883750,0,0.000000,0.000000,1068,333,78,20,6,0,5,13,17,5,13,17,23.940001,46.253906,101697.828125,-30.994240
2020/10/16,12:43:30,3.881250,0,0.000000,0.000000,1167,368,98,17,3,0,6,14,18,6,14,18,23.950001,46.290039,101691.632812,-30.479860
2020/10/16,12:43:40,3.882500,0,0.000000,0.000000,825,264,76,19,13,6,3,8,18,3,8,18,23.940001,46.242188,101687.562500,-30.141941
2020/10/16,12:43:50,3.882500,0,0.000000,0.000000,729,240,54,9,6,3,3,6,11,3,6,11,23.930000,46.241211,101683.531250,-29.808022
2020/10/16,12:44:0,3.885000,0,0.000000,0.000000,717,236,24,6,3,3,3,5,8,3,5,8,23.930000,46.394531,101693.359375,-30.623247
2020/10/16,12:44:10,3.885000,0,0.000000,0.000000,639,206,31,0,0,0,3,4,4,3,4,4,23.930000,46.288086,101689.148438,-30.273298
2020/10/16,12:44:20,3.885000,0,0.000000,0.000000,687,214,44,6,3,0,4,6,9,4,6,9,23.940001,46.194336,101685.351562,-29.958437
2020/10/16,12:44:30,3.883750,0,0.000000,0.000000,531,174,13,3,3,0,3,4,6,3,4,6,23.930000,46.170898,101687.750000,-30.157984
2020/10/16,12:44:40,3.883750,0,0.000000,0.000000,462,151,13,3,3,0,2,3,5,2,3,5,23.940001,46.182617,101685.351562,-29.958437
2020/10/16,12:44:50,3.881250,0,0.000000,0.000000,339,109,26,6,3,0,1,3,5,1,3,5,23.940001,46.123047,101681.140625,-29.609468
2020/10/16,12:45:0,3.880000,0,0.000000,0.000000,462,151,16,0,0,0,3,3,3,3,3,3,23.940001,46.124023,101686.609375,-30.062723
2020/10/16,12:45:10,3.880000,0,0.000000,0.000000,420,140,17,3,3,0,2,2,4,2,2,4,23.940001,46.182617,101683.953125,-29.842115
2020/10/16,12:45:20,3.881250,0,0.000000,0.000000,282,94,10,0,0,0,1,2,2,1,2,2,23.940001,46.171875,101681.953125,-29.676657
2020/10/16,12:45:30,3.881250,0,0.000000,0.000000,249,83,10,0,0,0,1,2,2,1,2,2,23.940001,46.171875,101683.359375,-29.792978
2020/10/16,12:45:40,3.881250,0,0.000000,0.000000,216,72,3,0,0,0,1,1,1,1,1,1,23.940001,46.112305,101685.203125,-29.946404
2020/10/16,12:45:50,3.883750,0,0.000000,0.000000,270,90,12,9,3,0,1,1,5,1,1,5,23.950001,46.125000,101694.031250,-30.679398
2020/10/16,12:46:0,3.883750,0,0.000000,0.000000,279,93,9,6,3,0,1,1,4,1,1,4,23.940001,46.217773,101684.359375,-29.876209
2020/10/16,12:46:10,3.880000,0,0.000000,0.000000,528,169,17,0,0,0,3,3,3,3,3,3,23.950001,46.243164,101686.429688,-30.048685
2020/10/16,12:46:20,3.883750,0,0.000000,0.000000,171,54,10,0,0,0,0,1,1,0,1,1,23.950001,46.136719,101689.234375,-30.281321
2020/10/16,12:46:30,3.881250,0,0.000000,0.000000,102,34,0,0,0,0,0,0,0,0,0,0,23.950001,46.160156,101682.218750,-29.698717
2020/10/16,12:46:40,3.881250,0,0.000000,0.000000,51,17,3,0,0,0,0,0,0,0,0,0,23.950001,46.125000,101686.015625,-30.013588
2020/10/16,12:46:50,3.880000,0,0.000000,0.000000,102,34,3,0,0,0,0,0,0,0,0,0,23.920000,46.145508,101685.296875,-29.954426
2020/10/16,12:47:0,3.878750,0,0.000000,0.000000,189,63,19,3,3,0,0,1,3,0,1,3,23.940001,46.124023,101693.625000,-30.645306
2020/10/16,12:47:10,3.878750,0,0.000000,0.000000,168,56,16,0,0,0,0,1,1,0,1,1,23.940001,46.159180,101685.203125,-29.946404
2020/10/16,12:47:20,3.878750,0,0.000000,0.000000,30,10,0,0,0,0,0,0,0,0,0,0,23.940001,46.183594,101688.968750,-30.259260
2020/10/16,12:47:30,3.880000,0,0.000000,0.000000,72,24,3,3,3,0,0,0,2,0,0,2,23.940001,46.182617,101688.156250,-30.192078
2020/10/16,12:47:40,3.881250,0,0.000000,0.000000,186,58,13,6,3,0,0,1,3,0,1,3,23.940001,46.229492,101691.375000,-30.458803
2020/10/16,12:47:50,3.882500,0,0.000000,0.000000,192,56,10,3,0,0,0,2,2,0,2,2,23.940001,46.088867,101691.781250,-30.491892
2020/10/16,12:48:0,3.882500,0,0.000000,0.000000,147,41,3,0,0,0,0,0,0,0,0,0,23.950001,46.066406,101696.835938,-30.912020
2020/10/16,12:48:10,3.881250,0,0.000000,0.000000,186,55,6,0,0,0,0,0,0,0,0,0,23.930000,46.170898,101690.546875,-30.389616
2020/10/16,12:48:20,3.881250,0,0.000000,0.000000,123,41,6,3,0,0,0,0,0,0,0,0,23.950001,46.054688,101695.437500,-30.795710
2020/10/16,12:48:30,3.881250,0,0.000000,0.000000,21,7,0,0,0,0,0,0,0,0,0,0,23.930000,46.041016,101694.351562,-30.706470
2020/10/16,12:48:40,3.878750,0,0.000000,0.000000,72,20,0,0,0,0,0,0,0,0,0,0,23.930000,46.017578,101690.546875,-30.389616
2020/10/16,12:48:50,3.877500,0,0.000000,0.000000,156,48,0,0,0,0,0,0,0,0,0,0,23.940001,45.959961,101695.984375,-30.840830
2020/10/16,12:49:0,3.877500,0,0.000000,0.000000,132,44,0,0,0,0,0,0,0,0,0,0,23.940001,45.947266,101695.171875,-30.773651
2020/10/16,12:49:10,3.878750,0,0.000000,0.000000,186,55,0,0,0,0,0,0,0,0,0,0,23.940001,47.700195,101706.796875,-31.739191
2020/10/16,12:49:20,3.878750,0,0.000000,0.000000,150,47,0,0,0,0,0,0,0,0,0,0,23.950001,46.278320,101709.875000,-31.994848
2020/10/16,12:49:30,3.881250,0,0.000000,0.000000,111,37,0,0,0,0,0,0,0,0,0,0,23.950001,45.996094,101714.484375,-32.376820
2020/10/16,12:49:40,3.881250,0,0.000000,0.000000,39,13,0,0,0,0,0,0,0,0,0,0,23.959999,45.925781,101711.921875,-32.164280
2020/10/16,12:49:50,3.876250,0,0.000000,0.000000,108,33,0,0,0,0,0,0,0,0,0,0,23.969999,45.844727,101714.140625,-32.348747
2020/10/16,12:50:0,3.880000,0,0.000000,0.000000,87,29,0,0,0,0,0,0,0,0,0,0,23.969999,45.797852,101715.953125,-32.499126
2020/10/16,12:50:10,3.881250,0,0.000000,0.000000,39,13,0,0,0,0,0,0,0,0,0,0,23.980000,45.705078,101720.796875,-32.900127
2020/10/16,12:50:20,3.881250,0,0.000000,0.000000,51,17,0,0,0,0,0,0,0,0,0,0,23.980000,45.740234,101715.187500,-32.434967
2020/10/16,12:50:30,3.881250,0,0.000000,0.000000,51,17,0,0,0,0,0,0,0,0,0,0,24.000000,45.799805,101722.875000,-33.073555
2020/10/16,12:50:40,3.881250,0,0.000000,0.000000,39,13,0,0,0,0,0,0,0,0,0,0,24.000000,45.752930,101715.859375,-32.491108
2020/10/16,12:51:5,3.868750,0,0.000000,0.000000,171,53,3,0,0,0,0,0,0,0,0,0,24.020000,45.766602,101719.125000,-32.761784
2020/10/16,12:51:15,3.868750,0,0.000000,0.000000,207,65,6,0,0,0,0,0,0,0,0,0,24.020000,45.896484,101718.132812,-32.679581